[
  {
    "id": 9,
    "text": "The integration of AI features in the software is noteworthy, though the practical benefits may vary among users.",
    "expected": "neutral",
    "actual": "positive",
    "confidence": 0.8264357447624207
  },
  {
    "id": 25,
    "text": "The software update introduced some new functionalities that may appeal to users looking for enhanced performance.",
    "expected": "neutral",
    "actual": "positive",
    "confidence": 0.8945775032043457
  },
  {
    "id": 32,
    "text": "The new electric vehicle model boasts improved range and safety features, catering to environmentally conscious consumers.",
    "expected": "neutral",
    "actual": "positive",
    "confidence": 0.9135493040084839
  },
  {
    "id": 33,
    "text": "The app provides a variety of learning resources, which can benefit users seeking to expand their knowledge in different subjects.",
    "expected": "neutral",
    "actual": "positive",
    "confidence": 0.879690945148468
  },
  {
    "id": 38,
    "text": "This 3D printer provides reliable performance for hobbyists, with an easy setup process that can appeal to beginners.",
    "expected": "neutral",
    "actual": "positive",
    "confidence": 0.9403178095817566
  },
  {
    "id": 40,
    "text": "This coding tutorial website covers a range of languages, making it accessible for learners at different skill levels.",
    "expected": "neutral",
    "actual": "positive",
    "confidence": 0.7668961882591248
  },
  {
    "id": 41,
    "text": "The e-reader features a glare-resistant display, which is beneficial for reading in various lighting conditions.",
    "expected": "neutral",
    "actual": "positive",
    "confidence": 0.8524268269538879
  },
  {
    "id": 44,
    "text": "The online course offers structured content that is easy to follow, which may appeal to those looking to learn at their own pace.",
    "expected": "neutral",
    "actual": "positive",
    "confidence": 0.8181324601173401
  },
  {
    "id": 45,
    "text": "The emerging trends in artificial intelligence are being integrated into various products, showcasing significant advancements in the field.",
    "expected": "neutral",
    "actual": "positive",
    "confidence": 0.9509657621383667
  },
  {
    "id": 53,
    "text": "User feedback mechanisms are present in the application, but response times for updates based on this feedback vary.",
    "expected": "neutral",
    "actual": "neutral",
    "confidence": 0.9013639688491821
  },
  {
    "id": 59,
    "text": "The variety of customization options available is commendable, though they may overwhelm some users who prefer simplicity.",
    "expected": "neutral",
    "actual": "positive",
    "confidence": 0.774685263633728
  },
  {
    "id": 66,
    "text": "The platform's scalability is a strong point, though it might require additional training for optimal use.",
    "expected": "neutral",
    "actual": "positive",
    "confidence": 0.7954208850860596
  },
  {
    "id": 68,
    "text": "The new software update offers enhanced features that improve overall functionality. Users may find the interface slightly different, but it adapts quickly.",
    "expected": "neutral",
    "actual": "positive",
    "confidence": 0.9265080690383911
  },
  {
    "id": 70,
    "text": "The cloud storage service provides reliable access and good security measures. It would be beneficial if more user tutorials were available.",
    "expected": "neutral",
    "actual": "positive",
    "confidence": 0.840491771697998
  },
  {
    "id": 73,
    "text": "The online platform for remote collaboration is user-friendly. It could improve with more integrations for third-party tools.",
    "expected": "neutral",
    "actual": "positive",
    "confidence": 0.86484694480896
  },
  {
    "id": 75,
    "text": "The e-reader is lightweight and convenient for on-the-go reading. An expanded library would enhance user satisfaction significantly.",
    "expected": "neutral",
    "actual": "positive",
    "confidence": 0.9589288830757141
  },
  {
    "id": 80,
    "text": "The laptop offers good processing power for most tasks. Users might desire a lighter model thatâ€™s easier to carry around.",
    "expected": "neutral",
    "actual": "positive",
    "confidence": 0.837191104888916
  },
  {
    "id": 81,
    "text": "The productivity tool integrates well with many workflows. It could benefit from more automated features to save users time.",
    "expected": "neutral",
    "actual": "positive",
    "confidence": 0.897129476070404
  },
  {
    "id": 83,
    "text": "The smart home device is easy to install and use. Users may want to see improved compatibility with other systems.",
    "expected": "neutral",
    "actual": "positive",
    "confidence": 0.8325703144073486
  },
  {
    "id": 85,
    "text": "The photo editing software provides a range of tools for users. Some might find the interface a bit cluttered at times.",
    "expected": "neutral",
    "actual": "neutral",
    "confidence": 0.8383801579475403
  },
  {
    "id": 86,
    "text": "The productivity app has useful reminders and goal tracking. It would be advantageous if it offered more community features.",
    "expected": "neutral",
    "actual": "positive",
    "confidence": 0.8836310505867004
  },
  {
    "id": 87,
    "text": "The social media platform has a comprehensive set of features for engagement. Users may experience occasional slow loading times.",
    "expected": "neutral",
    "actual": "neutral",
    "confidence": 0.77762371301651
  },
  {
    "id": 90,
    "text": "The latest smartphone offers a good balance of features and performance, making it a solid choice for everyday users.",
    "expected": "neutral",
    "actual": "positive",
    "confidence": 0.9740791320800781
  },
  {
    "id": 99,
    "text": "This programming language has a supportive community, making it easier for beginners, though it may not be the most efficient for all applications.",
    "expected": "neutral",
    "actual": "positive",
    "confidence": 0.8982065916061401
  },
  {
    "id": 100,
    "text": "The new e-reader model has improved display quality, which enhances the reading experience, but some may prefer physical books.",
    "expected": "neutral",
    "actual": "positive",
    "confidence": 0.7822353839874268
  },
  {
    "id": 101,
    "text": "Online learning platforms offer a wealth of resources, making education accessible, albeit with varying quality across courses.",
    "expected": "neutral",
    "actual": "positive",
    "confidence": 0.8456262350082397
  },
  {
    "id": 108,
    "text": "This coding bootcamp offers a structured learning path, but the effectiveness may differ based on individual dedication.",
    "expected": "neutral",
    "actual": "neutral",
    "confidence": 0.8102380037307739
  },
  {
    "id": 109,
    "text": "The electric vehicle boasts impressive range and features, though potential buyers should consider charging infrastructure in their area.",
    "expected": "neutral",
    "actual": "positive",
    "confidence": 0.8929615020751953
  },
  {
    "id": 110,
    "text": "The streaming service includes a variety of content, but its interface may take some time to get used to for new users.",
    "expected": "neutral",
    "actual": "neutral",
    "confidence": 0.8696256279945374
  },
  {
    "id": 120,
    "text": "Customer service is responsive, handling inquiries in a timely manner, which is a positive aspect of this technology provider.",
    "expected": "neutral",
    "actual": "positive",
    "confidence": 0.9429923295974731
  },
  {
    "id": 123,
    "text": "The virtual reality headset provides an immersive experience, though the content library could use more variety to enhance user engagement.",
    "expected": "neutral",
    "actual": "positive",
    "confidence": 0.8116216659545898
  },
  {
    "id": 129,
    "text": "Streaming service offers a variety of content, but many of the shows and movies are also available on competing platforms.",
    "expected": "neutral",
    "actual": "neutral",
    "confidence": 0.7509171366691589
  },
  {
    "id": 131,
    "text": "This smart TV provides a good viewing experience with a variety of apps, though the setup process can be a bit cumbersome.",
    "expected": "neutral",
    "actual": "positive",
    "confidence": 0.8838580846786499
  },
  {
    "id": 139,
    "text": "This e-reader provides a lightweight design and a clear display, which many users appreciate, but its library options could be more extensive.",
    "expected": "neutral",
    "actual": "positive",
    "confidence": 0.9065160155296326
  },
  {
    "id": 140,
    "text": "In terms of home automation, the integration of this smart device appears straightforward, yet there are varying opinions on its compatibility with other systems.",
    "expected": "neutral",
    "actual": "neutral",
    "confidence": 0.8505157828330994
  },
  {
    "id": 169,
    "text": "The smartphone has a solid battery life, but some users might desire faster charging capabilities. It remains a practical option for daily use.",
    "expected": "neutral",
    "actual": "positive",
    "confidence": 0.7756792306900024
  },
  {
    "id": 173,
    "text": "This productivity tool has useful features for collaboration, but some users may prefer a more streamlined interface for simplicity.",
    "expected": "neutral",
    "actual": "positive",
    "confidence": 0.826238214969635
  },
  {
    "id": 187,
    "text": "The video conferencing tool offers essential features for remote work, but users may encounter occasional connectivity issues during high-traffic periods.",
    "expected": "neutral",
    "actual": "neutral",
    "confidence": 0.793550431728363
  },
  {
    "id": 188,
    "text": "The gaming console delivers a solid performance with a diverse library of games, though some exclusive titles may not appeal to all gamers.",
    "expected": "neutral",
    "actual": "positive",
    "confidence": 0.8968639373779297
  },
  {
    "id": 198,
    "text": "The coding bootcamp provides structured learning opportunities, though the pace might be challenging for some participants.",
    "expected": "neutral",
    "actual": "neutral",
    "confidence": 0.8085018992424011
  },
  {
    "id": 204,
    "text": "The interface design is user-friendly and intuitive, which can benefit both new and experienced users alike. Overall, it serves its purpose.",
    "expected": "neutral",
    "actual": "positive",
    "confidence": 0.9469752907752991
  },
  {
    "id": 205,
    "text": "This software solution integrates well with existing systems, though some users report a learning curve. Testing for compatibility is recommended.",
    "expected": "neutral",
    "actual": "positive",
    "confidence": 0.8112025260925293
  },
  {
    "id": 211,
    "text": "The cloud storage options provided are convenient, but users should consider potential privacy implications. It's wise to review terms and conditions.",
    "expected": "neutral",
    "actual": "neutral",
    "confidence": 0.7747589349746704
  },
  {
    "id": 216,
    "text": "The community forums associated with the product offer a platform for user interaction, which can enhance the overall experience through shared insights.",
    "expected": "neutral",
    "actual": "positive",
    "confidence": 0.7779302597045898
  },
  {
    "id": 217,
    "text": "This technology solution has shown potential for growth, but future updates will be crucial in determining its long-term viability in the market.",
    "expected": "neutral",
    "actual": "positive",
    "confidence": 0.9599423408508301
  },
  {
    "id": 218,
    "text": "The accessibility features included are commendable, allowing a broader range of users to benefit from the technology, though awareness could be improved.",
    "expected": "neutral",
    "actual": "positive",
    "confidence": 0.9505029916763306
  },
  {
    "id": 220,
    "text": "Initial setup is straightforward, but some users may find advanced configurations challenging. Patience is advised when navigating these options.",
    "expected": "neutral",
    "actual": "neutral",
    "confidence": 0.7597870826721191
  },
  {
    "id": 222,
    "text": "The latest smartphone model has some interesting features, though it may not be a significant upgrade from the previous version. Overall, it serves its purpose effectively.",
    "expected": "neutral",
    "actual": "positive",
    "confidence": 0.9347581267356873
  },
  {
    "id": 230,
    "text": "The new programming language is gaining traction among developers. Though it's not yet widely adopted, it shows promise for future projects.",
    "expected": "neutral",
    "actual": "positive",
    "confidence": 0.9746769666671753
  },
  {
    "id": 236,
    "text": "The new operating system has a sleek interface and is generally responsive, though it may require some adjustment for long-time users of the previous version.",
    "expected": "neutral",
    "actual": "positive",
    "confidence": 0.7865119576454163
  },
  {
    "id": 237,
    "text": "This e-reader is lightweight and easy to use, making it a solid choice for casual readers, but it might lack some advanced features found in competitors.",
    "expected": "neutral",
    "actual": "positive",
    "confidence": 0.7733229398727417
  },
  {
    "id": 241,
    "text": "The home security system provides essential monitoring features, but potential users should evaluate whether it fits their specific needs.",
    "expected": "neutral",
    "actual": "neutral",
    "confidence": 0.8617067337036133
  },
  {
    "id": 246,
    "text": "This laptop provides solid performance for everyday tasks. It may not be the most innovative option, but it meets general user expectations.",
    "expected": "neutral",
    "actual": "positive",
    "confidence": 0.9620243310928345
  },
  {
    "id": 275,
    "text": "The new electric vehicle model showcases significant advancements in technology, particularly in safety features. Yet, the charging infrastructure remains a consideration for potential owners.",
    "expected": "neutral",
    "actual": "positive",
    "confidence": 0.8277825117111206
  },
  {
    "id": 295,
    "text": "The latest smartphone model has many impressive specs, though the price point might deter budget-conscious consumers.",
    "expected": "neutral",
    "actual": "positive",
    "confidence": 0.8630999326705933
  },
  {
    "id": 300,
    "text": "This gadget connects seamlessly with other devices, though some users report connectivity issues in crowded environments.",
    "expected": "neutral",
    "actual": "neutral",
    "confidence": 0.7643137574195862
  },
  {
    "id": 301,
    "text": "The software offers a range of customization options, but they may require a learning curve for new users.",
    "expected": "neutral",
    "actual": "neutral",
    "confidence": 0.8971291780471802
  },
  {
    "id": 307,
    "text": "This tech product has a solid reputation, though customer feedback suggests there are areas for improvement.",
    "expected": "neutral",
    "actual": "positive",
    "confidence": 0.9105122089385986
  },
  {
    "id": 310,
    "text": "The latest smartphone model offers a variety of features that cater to different user preferences. The camera quality is impressive, though the battery life could be improved for heavy usage.",
    "expected": "neutral",
    "actual": "positive",
    "confidence": 0.9536194801330566
  },
  {
    "id": 316,
    "text": "The latest gaming console features impressive graphics capabilities and a wide selection of games. Its online service could benefit from more stability during peak hours.",
    "expected": "neutral",
    "actual": "positive",
    "confidence": 0.9261243343353271
  },
  {
    "id": 318,
    "text": "The recent update for this productivity tool introduces several helpful features. Some users might find the learning curve a bit steep initially.",
    "expected": "neutral",
    "actual": "positive",
    "confidence": 0.8981218338012695
  },
  {
    "id": 327,
    "text": "The recent advancements in AI technology show promise for various applications. Nonetheless, ethical concerns regarding data usage remain a topic of discussion.",
    "expected": "neutral",
    "actual": "positive",
    "confidence": 0.7730543613433838
  },
  {
    "id": 335,
    "text": "Customer support response times can vary, but the representatives are generally knowledgeable. Thereâ€™s room for improvement in efficiency.",
    "expected": "neutral",
    "actual": "positive",
    "confidence": 0.7653854489326477
  },
  {
    "id": 351,
    "text": "The integration capabilities with existing systems are commendable. Users may appreciate the convenience, though some setups can be complex.",
    "expected": "neutral",
    "actual": "positive",
    "confidence": 0.8986126780509949
  },
  {
    "id": 360,
    "text": "This internet security software offers a comprehensive range of tools to protect users from threats. Nonetheless, some users have experienced compatibility issues with other applications.",
    "expected": "neutral",
    "actual": "neutral",
    "confidence": 0.7694300413131714
  },
  {
    "id": 365,
    "text": "This project management tool provides useful features for team collaboration and task tracking. Nonetheless, users may need time to adapt to its interface.",
    "expected": "neutral",
    "actual": "positive",
    "confidence": 0.8172386288642883
  },
  {
    "id": 381,
    "text": "The smart home device integrates well with existing systems, but users must be aware of potential compatibility issues with certain brands.",
    "expected": "neutral",
    "actual": "neutral",
    "confidence": 0.7716585993766785
  },
  {
    "id": 382,
    "text": "This productivity software has useful features for collaboration, though the learning curve can be steep for new users.",
    "expected": "neutral",
    "actual": "positive",
    "confidence": 0.8953192830085754
  },
  {
    "id": 400,
    "text": "This software application integrates well with existing tools, offering a variety of functionalities. It is a practical choice for professionals, albeit not particularly groundbreaking.",
    "expected": "neutral",
    "actual": "positive",
    "confidence": 0.8619430065155029
  },
  {
    "id": 425,
    "text": "This new smart home device integrates well with existing ecosystems, though setup may require some technical knowledge. It's a solution for those interested in home automation.",
    "expected": "neutral",
    "actual": "positive",
    "confidence": 0.9048898816108704
  },
  {
    "id": 426,
    "text": "The gaming console features an array of titles at launch, but the overall impact of these games on the market is yet to be fully assessed. Gamers will have varied opinions based on preferences.",
    "expected": "neutral",
    "actual": "neutral",
    "confidence": 0.8747112154960632
  },
  {
    "id": 428,
    "text": "The wearable fitness tracker tracks essential health metrics, but its accuracy can vary. Users interested in fitness should weigh its advantages against other available options.",
    "expected": "neutral",
    "actual": "neutral",
    "confidence": 0.8546316623687744
  },
  {
    "id": 436,
    "text": "The latest smartphone app focuses on enhancing productivity, though its effectiveness is subjective and may vary based on individual work styles. Exploring various options is encouraged.",
    "expected": "neutral",
    "actual": "positive",
    "confidence": 0.8113682866096497
  },
  {
    "id": 439,
    "text": "The technology behind the recent drone models showcases advancements in aerial photography, though regulatory considerations are important for potential users to review.",
    "expected": "neutral",
    "actual": "positive",
    "confidence": 0.796604573726654
  },
  {
    "id": 440,
    "text": "The updated website design is visually appealing and functional, but user feedback on navigation efficiency could help improve the experience further. Continuous improvement is essential.",
    "expected": "neutral",
    "actual": "positive",
    "confidence": 0.8971326947212219
  },
  {
    "id": 447,
    "text": "The cloud storage service provides ample space for files, but the security measures may require further examination.",
    "expected": "neutral",
    "actual": "neutral",
    "confidence": 0.8662399649620056
  },
  {
    "id": 457,
    "text": "This digital payment platform is user-friendly, but concerns regarding transaction fees have been raised.",
    "expected": "neutral",
    "actual": "neutral",
    "confidence": 0.7815847992897034
  },
  {
    "id": 462,
    "text": "The social media platform has introduced new features aimed at engagement, but user privacy remains a concern.",
    "expected": "neutral",
    "actual": "neutral",
    "confidence": 0.8788104057312012
  },
  {
    "id": 464,
    "text": "The photo editing software includes various filters and tools, yet some users may prefer different interfaces.",
    "expected": "neutral",
    "actual": "neutral",
    "confidence": 0.8683946132659912
  },
  {
    "id": 466,
    "text": "The latest smartphone model features an impressive camera setup that performs well in various lighting conditions, though some users may find the battery life less than optimal for heavy usage.",
    "expected": "neutral",
    "actual": "positive",
    "confidence": 0.8369938731193542
  },
  {
    "id": 476,
    "text": "The new desktop computer has a solid performance for general use, but some may seek more powerful options for gaming or graphic design.",
    "expected": "neutral",
    "actual": "positive",
    "confidence": 0.8447773456573486
  },
  {
    "id": 479,
    "text": "The virtual reality headset features immersive graphics, but the setup process might be challenging for first-time users.",
    "expected": "neutral",
    "actual": "neutral",
    "confidence": 0.7977732419967651
  },
  {
    "id": 488,
    "text": "The recent update to the software has introduced several new features that some users may find useful, though others might prefer the previous version's simplicity.",
    "expected": "neutral",
    "actual": "positive",
    "confidence": 0.8961974382400513
  },
  {
    "id": 493,
    "text": "Many users appreciate the security features offered, yet there are ongoing discussions about their effectiveness and ease of use.",
    "expected": "neutral",
    "actual": "positive",
    "confidence": 0.7694787383079529
  },
  {
    "id": 496,
    "text": "Several users have provided feedback on the pricing structure, indicating that it is competitive, but opinions on value for money vary.",
    "expected": "neutral",
    "actual": "neutral",
    "confidence": 0.8600757122039795
  },
  {
    "id": 500,
    "text": "Recent trends in technology indicate a shift towards more sustainable practices, which is reflected in this product's design choices.",
    "expected": "neutral",
    "actual": "positive",
    "confidence": 0.7910337448120117
  },
  {
    "id": 506,
    "text": "The emphasis on user feedback in the development of this technology is commendable, yet it remains to be seen how effectively it is implemented.",
    "expected": "neutral",
    "actual": "positive",
    "confidence": 0.855731725692749
  },
  {
    "id": 507,
    "text": "This product has received attention for its unique features, though user reviews indicate a range of experiences regarding usability.",
    "expected": "neutral",
    "actual": "positive",
    "confidence": 0.918816089630127
  },
  {
    "id": 509,
    "text": "The accessibility options present are appreciated by many, but there are calls for further improvements to cater to diverse user needs.",
    "expected": "neutral",
    "actual": "positive",
    "confidence": 0.8704766035079956
  },
  {
    "id": 510,
    "text": "The new software update includes several enhancements that seem beneficial, though the interface remains mostly unchanged.",
    "expected": "neutral",
    "actual": "positive",
    "confidence": 0.9076887369155884
  },
  {
    "id": 511,
    "text": "The latest smartphone model has impressive specifications, but the user experience may not differ significantly from its predecessor.",
    "expected": "neutral",
    "actual": "positive",
    "confidence": 0.7770609855651855
  },
  {
    "id": 516,
    "text": "The rise of remote work tools has reshaped workplace dynamics, but adapting to this change can be challenging for some users.",
    "expected": "neutral",
    "actual": "neutral",
    "confidence": 0.7969401478767395
  },
  {
    "id": 519,
    "text": "Quantum computing holds great potential for the future, but practical applications are still a topic of research and debate.",
    "expected": "neutral",
    "actual": "positive",
    "confidence": 0.8865521550178528
  },
  {
    "id": 520,
    "text": "Social media platforms continue to evolve, allowing for various forms of expression, but they also raise questions regarding user safety.",
    "expected": "neutral",
    "actual": "neutral",
    "confidence": 0.8425168395042419
  },
  {
    "id": 522,
    "text": "The debate over open-source versus proprietary software remains prominent, with each option having its own set of advantages and drawbacks.",
    "expected": "neutral",
    "actual": "neutral",
    "confidence": 0.8688693046569824
  },
  {
    "id": 523,
    "text": "Online education tools are becoming more mainstream, offering flexibility, but they may not suit everyone's learning style.",
    "expected": "neutral",
    "actual": "neutral",
    "confidence": 0.7555752396583557
  },
  {
    "id": 525,
    "text": "Blockchain technology is frequently discussed in finance, with potential applications in other sectors being explored.",
    "expected": "neutral",
    "actual": "positive",
    "confidence": 0.7530217170715332
  },
  {
    "id": 526,
    "text": "The focus on cybersecurity has escalated, given recent data breaches, highlighting the need for better practices.",
    "expected": "neutral",
    "actual": "neutral",
    "confidence": 0.7785437703132629
  },
  {
    "id": 528,
    "text": "The trend of subscription services for software applications is gaining traction, though users often question long-term value.",
    "expected": "neutral",
    "actual": "neutral",
    "confidence": 0.7962777018547058
  },
  {
    "id": 529,
    "text": "The development of augmented reality applications shows promise in various fields, but widespread adoption is still in progress.",
    "expected": "neutral",
    "actual": "positive",
    "confidence": 0.805356502532959
  },
  {
    "id": 530,
    "text": "Data analytics tools are increasingly used in decision-making processes, yet the interpretation of data can be complex.",
    "expected": "neutral",
    "actual": "neutral",
    "confidence": 0.8534862995147705
  },
  {
    "id": 531,
    "text": "The impact of social media algorithms on content visibility continues to be analyzed, with differing opinions on their effectiveness.",
    "expected": "neutral",
    "actual": "neutral",
    "confidence": 0.8322648406028748
  },
  {
    "id": 534,
    "text": "The new laptop design is sleek and modern, making it visually appealing, even if the performance metrics are similar to previous versions.",
    "expected": "neutral",
    "actual": "positive",
    "confidence": 0.9588758945465088
  },
  {
    "id": 551,
    "text": "The electric vehicle provides a comfortable ride with good range, even if it doesn't introduce any significant advancements in technology.",
    "expected": "neutral",
    "actual": "positive",
    "confidence": 0.7889146208763123
  },
  {
    "id": 572,
    "text": "The photo editing app provides a range of filters and tools, but the learning curve can be steep for beginners.",
    "expected": "neutral",
    "actual": "neutral",
    "confidence": 0.8010765910148621
  },
  {
    "id": 575,
    "text": "The file sharing application is user-friendly, but the free storage limit may be restrictive for larger projects.",
    "expected": "neutral",
    "actual": "neutral",
    "confidence": 0.8013601303100586
  },
  {
    "id": 578,
    "text": "The latest smartphone model offers a solid performance, with improvements in processing speed and battery longevity. It's a reliable choice for everyday tasks.",
    "expected": "neutral",
    "actual": "positive",
    "confidence": 0.9652485251426697
  },
  {
    "id": 581,
    "text": "The recent enhancements in cloud storage services offer users more flexibility, but there are still concerns about security and data privacy.",
    "expected": "neutral",
    "actual": "neutral",
    "confidence": 0.8081414103507996
  },
  {
    "id": 584,
    "text": "The new tablet features a crisp display and good battery life, making it a suitable option for media consumption and light productivity tasks.",
    "expected": "neutral",
    "actual": "positive",
    "confidence": 0.9560836553573608
  },
  {
    "id": 588,
    "text": "The e-reader continues to gain popularity due to its lightweight design, though the limited color display may not appeal to everyone.",
    "expected": "neutral",
    "actual": "positive",
    "confidence": 0.8176593780517578
  },
  {
    "id": 589,
    "text": "The recent advancements in AI technology are shaping various industries, making it essential for professionals to stay updated on innovations.",
    "expected": "neutral",
    "actual": "positive",
    "confidence": 0.896435558795929
  },
  {
    "id": 594,
    "text": "The latest update to the messaging app offers some intriguing features, yet some users may prefer the simplicity of previous versions.",
    "expected": "neutral",
    "actual": "positive",
    "confidence": 0.8305944204330444
  },
  {
    "id": 597,
    "text": "The social media app's new privacy settings aim to enhance user control, but the ongoing debate about data usage policies remains relevant.",
    "expected": "neutral",
    "actual": "neutral",
    "confidence": 0.8873764276504517
  },
  {
    "id": 600,
    "text": "The recent update to the operating system has introduced some new features, which may appeal to users looking for functionality, though some may prefer the previous version's familiarity.",
    "expected": "neutral",
    "actual": "positive",
    "confidence": 0.8249510526657104
  },
  {
    "id": 615,
    "text": "This software update brings several bug fixes and performance improvements, which users may appreciate, though the learning curve remains for new features.",
    "expected": "neutral",
    "actual": "positive",
    "confidence": 0.8998610973358154
  },
  {
    "id": 619,
    "text": "The electric vehicle offers a smooth ride and good range, making it an option for eco-conscious consumers, but charging infrastructure can be inconsistent.",
    "expected": "neutral",
    "actual": "positive",
    "confidence": 0.7685129642486572
  },
  {
    "id": 634,
    "text": "The company's commitment to innovation is evident, but some features require more refinement to enhance usability.",
    "expected": "neutral",
    "actual": "positive",
    "confidence": 0.8353497982025146
  },
  {
    "id": 637,
    "text": "Overall, the platform offers a range of functionalities, but user satisfaction varies, indicating room for improvement.",
    "expected": "neutral",
    "actual": "positive",
    "confidence": 0.8274319171905518
  },
  {
    "id": 653,
    "text": "The tablet's display quality is impressive for media consumption, but some users may find it reflective in bright environments.",
    "expected": "neutral",
    "actual": "positive",
    "confidence": 0.8057706952095032
  },
  {
    "id": 654,
    "text": "The e-reader supports multiple formats, though some features might require additional purchases for full functionality.",
    "expected": "neutral",
    "actual": "neutral",
    "confidence": 0.7715548872947693
  },
  {
    "id": 661,
    "text": "The website's layout is straightforward, making it easy to find information, though the loading times could be faster.",
    "expected": "neutral",
    "actual": "positive",
    "confidence": 0.7541807889938354
  },
  {
    "id": 663,
    "text": "The data security measures implemented by the application are commendable, though some users may wish for more transparency in data handling.",
    "expected": "neutral",
    "actual": "positive",
    "confidence": 0.7918253540992737
  },
  {
    "id": 667,
    "text": "The latest smartphone model showcases impressive hardware specifications. Yet, it remains to be seen how these improvements translate to real-world usage.",
    "expected": "neutral",
    "actual": "positive",
    "confidence": 0.8981040716171265
  },
  {
    "id": 680,
    "text": "E-learning platforms are gaining popularity. The experience can vary widely based on user engagement and the quality of available content.",
    "expected": "neutral",
    "actual": "positive",
    "confidence": 0.8200080990791321
  },
  {
    "id": 682,
    "text": "Digital payment solutions are becoming more mainstream. Their effectiveness often hinges on user familiarity and trust in the technology.",
    "expected": "neutral",
    "actual": "positive",
    "confidence": 0.7547549605369568
  },
  {
    "id": 684,
    "text": "Augmented reality applications are emerging in various sectors. Their practical applications are still being explored and developed.",
    "expected": "neutral",
    "actual": "positive",
    "confidence": 0.8229789733886719
  },
  {
    "id": 685,
    "text": "The release of new programming languages is an ongoing trend in tech. Developers may find each language's strengths and weaknesses differ significantly.",
    "expected": "neutral",
    "actual": "neutral",
    "confidence": 0.8394951820373535
  },
  {
    "id": 690,
    "text": "This laptop has a solid performance for everyday tasks, though it may struggle with more demanding applications.",
    "expected": "neutral",
    "actual": "positive",
    "confidence": 0.8752880096435547
  },
  {
    "id": 703,
    "text": "The rise of electric vehicles is changing the automotive landscape, yet charging infrastructure remains a challenge in many areas.",
    "expected": "neutral",
    "actual": "neutral",
    "confidence": 0.7826927900314331
  },
  {
    "id": 715,
    "text": "Virtual reality headsets continue to improve, yet the experience can be inconsistent across different platforms. It's worth exploring for those interested in immersive technology.",
    "expected": "neutral",
    "actual": "positive",
    "confidence": 0.7817617058753967
  },
  {
    "id": 718,
    "text": "The cloud storage service offers secure options for data backup, but its pricing tiers can be a bit confusing for new users.",
    "expected": "neutral",
    "actual": "neutral",
    "confidence": 0.8376073241233826
  },
  {
    "id": 721,
    "text": "This coding platform supports various programming languages, but beginners might encounter a steep learning curve depending on their prior experience.",
    "expected": "neutral",
    "actual": "neutral",
    "confidence": 0.7833892703056335
  },
  {
    "id": 723,
    "text": "The home security camera offers reliable monitoring, but users may need to invest in additional storage options for extended recordings.",
    "expected": "neutral",
    "actual": "neutral",
    "confidence": 0.8131742477416992
  },
  {
    "id": 725,
    "text": "The online learning platform provides diverse courses, but the quality of content can vary between instructors.",
    "expected": "neutral",
    "actual": "neutral",
    "confidence": 0.7801631689071655
  },
  {
    "id": 738,
    "text": "The product arrived on time and was easy to set up, though additional features could enhance its usability in various settings.",
    "expected": "neutral",
    "actual": "positive",
    "confidence": 0.9530984163284302
  },
  {
    "id": 742,
    "text": "The pricing structure is competitive, yet the value proposition could be stronger with more innovative features.",
    "expected": "neutral",
    "actual": "positive",
    "confidence": 0.867301881313324
  },
  {
    "id": 743,
    "text": "The instructional material provided is clear, making it easy for users to navigate the product, even if they are not technically inclined.",
    "expected": "neutral",
    "actual": "positive",
    "confidence": 0.8558012247085571
  },
  {
    "id": 753,
    "text": "The device supports various applications, yet some compatibility issues with niche software can arise.",
    "expected": "neutral",
    "actual": "neutral",
    "confidence": 0.7761988043785095
  },
  {
    "id": 767,
    "text": "The virtual reality headset offers immersive experiences that are impressive, though the initial setup can be challenging for less tech-savvy users.",
    "expected": "neutral",
    "actual": "positive",
    "confidence": 0.8982934951782227
  },
  {
    "id": 772,
    "text": "The streaming service offers a wide array of content, catering to diverse tastes. Yet, some users may be dissatisfied with the availability of certain shows.",
    "expected": "neutral",
    "actual": "neutral",
    "confidence": 0.7527856230735779
  },
  {
    "id": 773,
    "text": "The latest graphics card delivers impressive performance for gamers. Nonetheless, its high demand can lead to limited availability during peak times.",
    "expected": "neutral",
    "actual": "positive",
    "confidence": 0.8699302673339844
  },
  {
    "id": 782,
    "text": "The wearable device provides various health tracking features, yet some users wish for enhanced battery life.",
    "expected": "neutral",
    "actual": "neutral",
    "confidence": 0.8221895694732666
  },
  {
    "id": 783,
    "text": "The recent advancements in AI technology are indeed fascinating, but ethical considerations regarding its application remain a significant topic of discussion.",
    "expected": "neutral",
    "actual": "positive",
    "confidence": 0.899580717086792
  },
  {
    "id": 788,
    "text": "The electric vehicle's performance is commendable, yet its charging infrastructure is still developing in many regions.",
    "expected": "neutral",
    "actual": "positive",
    "confidence": 0.921090304851532
  },
  {
    "id": 791,
    "text": "The video conferencing platform offers reliable connectivity, though it may face challenges with larger participant groups.",
    "expected": "neutral",
    "actual": "neutral",
    "confidence": 0.7549409866333008
  },
  {
    "id": 794,
    "text": "The online learning platform provides a variety of courses, yet some users prefer more hands-on experiences that it may not fully offer.",
    "expected": "neutral",
    "actual": "neutral",
    "confidence": 0.7736167311668396
  },
  {
    "id": 795,
    "text": "The home security system features various sensors, though some users might feel the monthly fees could be lowered.",
    "expected": "neutral",
    "actual": "neutral",
    "confidence": 0.8910841941833496
  },
  {
    "id": 798,
    "text": "The augmented reality application provides an interesting experience, yet its practical applications are still being explored.",
    "expected": "neutral",
    "actual": "positive",
    "confidence": 0.952536404132843
  },
  {
    "id": 799,
    "text": "The high-definition streaming service offers a range of content, but users may find the subscription fees to be a bit on the higher end.",
    "expected": "neutral",
    "actual": "neutral",
    "confidence": 0.8582720756530762
  },
  {
    "id": 822,
    "text": "The recent software update introduced several new features that appear to enhance user experience. It's notable how the interface has been streamlined, though some users may need time to adapt.",
    "expected": "neutral",
    "actual": "positive",
    "confidence": 0.9413630962371826
  },
  {
    "id": 831,
    "text": "The development of 5G technology is progressing, promising faster connectivity. It remains essential for users to remain informed about coverage in their areas.",
    "expected": "neutral",
    "actual": "positive",
    "confidence": 0.8968861699104309
  },
  {
    "id": 833,
    "text": "The rise of remote working tools is notable, providing flexibility for many professionals. It will be interesting to see how they continue to evolve.",
    "expected": "neutral",
    "actual": "positive",
    "confidence": 0.9390664100646973
  },
  {
    "id": 837,
    "text": "Emerging technologies like blockchain have potential applications beyond cryptocurrency. Understanding their implications will be crucial for users and businesses alike.",
    "expected": "neutral",
    "actual": "positive",
    "confidence": 0.9046863317489624
  },
  {
    "id": 838,
    "text": "The recent launch of this software tool has generated interest due to its innovative approach. Users should assess whether it meets their specific needs before adopting.",
    "expected": "neutral",
    "actual": "positive",
    "confidence": 0.9400758743286133
  },
  {
    "id": 839,
    "text": "The availability of online learning platforms has increased, providing diverse options for skill development. It's important to choose a platform that aligns with personal goals.",
    "expected": "neutral",
    "actual": "positive",
    "confidence": 0.8364692330360413
  },
  {
    "id": 841,
    "text": "The advancements in virtual reality technology are noteworthy, offering immersive experiences. Users should remain mindful of hardware requirements for optimal performance.",
    "expected": "neutral",
    "actual": "positive",
    "confidence": 0.9047524929046631
  },
  {
    "id": 843,
    "text": "The trend toward open-source software is growing, providing users with more choices. Those considering transitioning should weigh the benefits against potential limitations.",
    "expected": "neutral",
    "actual": "positive",
    "confidence": 0.7854856252670288
  },
  {
    "id": 847,
    "text": "The rollout of 5G technology appears to be progressing steadily. There are various opinions on its impact, but it has potential for enhancing connectivity.",
    "expected": "neutral",
    "actual": "positive",
    "confidence": 0.9230613708496094
  },
  {
    "id": 850,
    "text": "The integration of smart home devices is becoming more common. Users should be aware of compatibility issues that can arise when selecting their products.",
    "expected": "neutral",
    "actual": "neutral",
    "confidence": 0.799920380115509
  },
  {
    "id": 853,
    "text": "The growth of renewable energy technologies is encouraging. Stakeholders are focusing on how these innovations can be integrated into existing systems.",
    "expected": "neutral",
    "actual": "positive",
    "confidence": 0.9623546600341797
  },
  {
    "id": 854,
    "text": "Online privacy remains a hot topic as new regulations come into play. Users are encouraged to stay informed about their rights and options.",
    "expected": "neutral",
    "actual": "neutral",
    "confidence": 0.8038789629936218
  },
  {
    "id": 856,
    "text": "Blockchain technology continues to evolve, with applications beyond cryptocurrency. Its potential for transparency and security is being explored across different sectors.",
    "expected": "neutral",
    "actual": "positive",
    "confidence": 0.9227204918861389
  },
  {
    "id": 857,
    "text": "The surge in wearable technology has prompted discussions on health tracking and data privacy. Users should consider how much data they are comfortable sharing.",
    "expected": "neutral",
    "actual": "neutral",
    "confidence": 0.7999598979949951
  },
  {
    "id": 858,
    "text": "Recent discussions about the digital divide highlight the need for equitable access to technology. It's a complex issue that requires ongoing attention.",
    "expected": "neutral",
    "actual": "neutral",
    "confidence": 0.7666164636611938
  },
  {
    "id": 861,
    "text": "The latest advancements in gaming technology offer enhanced user experiences. Gamers should consider their preferences when investing in new hardware.",
    "expected": "neutral",
    "actual": "positive",
    "confidence": 0.9090555310249329
  },
  {
    "id": 862,
    "text": "The popularity of podcasting continues to grow, with diverse topics appealing to a wide audience. Creators are exploring various formats to engage listeners.",
    "expected": "neutral",
    "actual": "positive",
    "confidence": 0.9166116714477539
  },
  {
    "id": 863,
    "text": "The discussions surrounding digital currencies are multifaceted. Users are encouraged to understand the risks and benefits before engaging in trades.",
    "expected": "neutral",
    "actual": "neutral",
    "confidence": 0.7665532827377319
  },
  {
    "id": 869,
    "text": "The smart home device integrates well with existing systems, but potential users should be aware of some privacy concerns that have been raised.",
    "expected": "neutral",
    "actual": "neutral",
    "confidence": 0.8036181926727295
  },
  {
    "id": 870,
    "text": "The cloud service offers a range of storage options, but users might find the pricing structure a bit complicated. It's worth comparing with competitors.",
    "expected": "neutral",
    "actual": "neutral",
    "confidence": 0.77469402551651
  },
  {
    "id": 871,
    "text": "The new gaming console features improved graphics, yet it still faces competition from earlier models with similar capabilities. It's a solid choice for gamers.",
    "expected": "neutral",
    "actual": "positive",
    "confidence": 0.9265344738960266
  },
  {
    "id": 875,
    "text": "The latest version of the operating system has streamlined several processes, yet some users may encounter compatibility issues with older applications.",
    "expected": "neutral",
    "actual": "neutral",
    "confidence": 0.7739439606666565
  },
  {
    "id": 877,
    "text": "The new electric vehicle boasts impressive range and performance, but potential buyers should also consider the availability of charging infrastructure.",
    "expected": "neutral",
    "actual": "positive",
    "confidence": 0.9110278487205505
  },
  {
    "id": 883,
    "text": "The surge in e-commerce platforms offers consumers more options, but it also raises questions about sustainability and local business impact.",
    "expected": "neutral",
    "actual": "neutral",
    "confidence": 0.8189138770103455
  },
  {
    "id": 885,
    "text": "The rise of telemedicine has expanded healthcare access, but it still presents challenges in terms of equitable service delivery.",
    "expected": "neutral",
    "actual": "neutral",
    "confidence": 0.7683334946632385
  },
  {
    "id": 902,
    "text": "The device supports a variety of applications, catering to different user needs, but there is room for improvement in performance.",
    "expected": "neutral",
    "actual": "positive",
    "confidence": 0.823858916759491
  },
  {
    "id": 905,
    "text": "The build quality feels sturdy, though it may not be as lightweight as some users prefer. Durability appears to be a strong point.",
    "expected": "neutral",
    "actual": "positive",
    "confidence": 0.8413613438606262
  },
  {
    "id": 906,
    "text": "Initial setup is straightforward, but some advanced features may require additional time to learn and configure correctly.",
    "expected": "neutral",
    "actual": "neutral",
    "confidence": 0.7588921189308167
  },
  {
    "id": 910,
    "text": "The marketplace offers various alternatives, so potential buyers may wish to compare features and pricing before making a decision.",
    "expected": "neutral",
    "actual": "neutral",
    "confidence": 0.8214801549911499
  },
  {
    "id": 914,
    "text": "Customer support is available, but the response times can vary. It's advisable to reach out during business hours for quicker assistance.",
    "expected": "neutral",
    "actual": "neutral",
    "confidence": 0.8168317675590515
  },
  {
    "id": 932,
    "text": "The subscription model can be a bit confusing initially, but it offers flexibility for users who need varying levels of service.",
    "expected": "neutral",
    "actual": "neutral",
    "confidence": 0.8056555986404419
  }
]