[
  {
    "id": 3,
    "text": "The shipping process was straightforward, and the item was delivered without any issues. I haven't had any problems using it so far.",
    "expected": "neutral",
    "actual": "positive",
    "confidence": 0.8761429786682129
  },
  {
    "id": 23,
    "text": "This item looks just like the pictures online, and it fit as described. Overall, it meets my expectations.",
    "expected": "neutral",
    "actual": "positive",
    "confidence": 0.8955077528953552
  },
  {
    "id": 37,
    "text": "I received my order without any issues, and the color matches what was shown online. Overall, it meets my expectations.",
    "expected": "neutral",
    "actual": "positive",
    "confidence": 0.8754155039787292
  },
  {
    "id": 55,
    "text": "The order process was straightforward, and shipping was prompt. The item is okay, but I feel it could be improved in some areas.",
    "expected": "neutral",
    "actual": "positive",
    "confidence": 0.822767972946167
  },
  {
    "id": 59,
    "text": "The sizing was completely off for the dress I ordered. It was way too small, even though I ordered my usual size. Very frustrating experience.",
    "expected": "negative",
    "actual": "neutral",
    "confidence": 0.7877455374598503
  },
  {
    "id": 61,
    "text": "The product arrived on time and was as described. No issues with the purchase process.",
    "expected": "neutral",
    "actual": "positive",
    "confidence": 0.8588077425956726
  },
  {
    "id": 68,
    "text": "Shipping was prompt, and the item was exactly as depicted on the website. I've had no issues so far, but I can't say I'm overly impressed.",
    "expected": "neutral",
    "actual": "positive",
    "confidence": 0.9108096361160278
  },
  {
    "id": 80,
    "text": "I received the item without any issues, and it performs its intended function. I can't say that I love it or hate it; it's simply functional.",
    "expected": "neutral",
    "actual": "positive",
    "confidence": 0.9178810715675354
  },
  {
    "id": 88,
    "text": "This item is okay. It looks like the pictures online, and it works, but I wish it had a bit more functionality.",
    "expected": "neutral",
    "actual": "positive",
    "confidence": 0.7734549641609192
  },
  {
    "id": 104,
    "text": "I received a damaged item and it took forever to get a replacement. The process was frustrating and I felt ignored throughout.",
    "expected": "negative",
    "actual": "neutral",
    "confidence": 0.899355012178421
  },
  {
    "id": 106,
    "text": "The product arrived on time and was as described. I have not yet had a chance to use it extensively, but it seems to be functioning well so far.",
    "expected": "neutral",
    "actual": "positive",
    "confidence": 0.9304773807525635
  },
  {
    "id": 108,
    "text": "I received this item without any issues. It matches the specifications listed on the website, and I appreciate the prompt delivery.",
    "expected": "neutral",
    "actual": "positive",
    "confidence": 0.9434018135070801
  },
  {
    "id": 113,
    "text": "I received the wrong item and it took forever to get a refund. The whole process was frustrating and I felt ignored by the support team.",
    "expected": "negative",
    "actual": "neutral",
    "confidence": 0.8978554844856261
  },
  {
    "id": 123,
    "text": "I received the product without any issues. It looks exactly like the pictures, and setup was straightforward. No complaints so far.",
    "expected": "neutral",
    "actual": "positive",
    "confidence": 0.9192053079605103
  },
  {
    "id": 143,
    "text": "I purchased a kitchen gadget that was advertised as easy to use, but the instructions were confusing and it didnâ€™t work as expected. I ended up returning it, but the process was a hassle.",
    "expected": "negative",
    "actual": "neutral",
    "confidence": 0.767752697467804
  },
  {
    "id": 144,
    "text": "Customer service was unhelpful when I tried to resolve an issue with my order. I felt ignored and it took forever to get a response. I wonâ€™t be shopping here again.",
    "expected": "negative",
    "actual": "neutral",
    "confidence": 0.8952855855226516
  },
  {
    "id": 162,
    "text": "I purchased this item recently. It seems to work fine, though I have not had it long enough to assess its durability. The color is as shown in the pictures.",
    "expected": "neutral",
    "actual": "positive",
    "confidence": 0.7715857625007629
  },
  {
    "id": 174,
    "text": "Delivery was prompt, and the item was in good condition upon arrival. It performs its intended function, though I haven't had it long enough to comment on durability.",
    "expected": "neutral",
    "actual": "positive",
    "confidence": 0.8658637404441833
  },
  {
    "id": 183,
    "text": "I love my new kitchen gadget! It's easy to use and has made cooking so much more enjoyable. The price was reasonable, and the delivery was prompt. Will definitely shop here again!",
    "expected": "positive",
    "actual": "neutral",
    "confidence": 0.9400004118680954
  },
  {
    "id": 186,
    "text": "The product arrived on time and was packaged well. It seems to work as described, but I haven't used it extensively yet.",
    "expected": "neutral",
    "actual": "positive",
    "confidence": 0.7846447229385376
  },
  {
    "id": 230,
    "text": "I received the item in good condition. It does the job, but I feel there are better options available in the market for a similar price.",
    "expected": "neutral",
    "actual": "positive",
    "confidence": 0.7569854855537415
  },
  {
    "id": 275,
    "text": "I received the wrong size clothing item and trying to return it has been more trouble than it's worth. This is unacceptable.",
    "expected": "negative",
    "actual": "neutral",
    "confidence": 0.8912835419178009
  },
  {
    "id": 291,
    "text": "The product arrived on time and was as described. It seems to function well so far, but I haven't used it extensively yet.",
    "expected": "neutral",
    "actual": "positive",
    "confidence": 0.8090388178825378
  },
  {
    "id": 292,
    "text": "This item met my expectations in terms of quality and performance. I would consider buying from this seller again.",
    "expected": "neutral",
    "actual": "positive",
    "confidence": 0.9551573991775513
  },
  {
    "id": 295,
    "text": "This product does what it needs to do. There are no major complaints, but it hasn't exceeded my expectations either.",
    "expected": "neutral",
    "actual": "positive",
    "confidence": 0.8614034652709961
  },
  {
    "id": 310,
    "text": "The item functions as advertised and arrived in good condition. I havenâ€™t encountered any problems yet, but I also havenâ€™t seen anything remarkable about it.",
    "expected": "neutral",
    "actual": "positive",
    "confidence": 0.8768620491027832
  },
  {
    "id": 321,
    "text": "The product arrived on time and was packaged well. It met my expectations based on the description provided.",
    "expected": "neutral",
    "actual": "positive",
    "confidence": 0.9444603323936462
  },
  {
    "id": 331,
    "text": "The product arrived on time and was as described. It functions well for my needs.",
    "expected": "neutral",
    "actual": "positive",
    "confidence": 0.9320588707923889
  },
  {
    "id": 339,
    "text": "I ordered a set of kitchen knives, and they are fantastic! Sharp, balanced, and the grip is comfortable. Cooking has become so much easier. I'm really impressed with the quality!",
    "expected": "positive",
    "actual": "neutral",
    "confidence": 0.9367137610912323
  },
  {
    "id": 356,
    "text": "The product arrived on time and was as described. I haven't used it much yet, but it seems to be functioning well so far.",
    "expected": "neutral",
    "actual": "positive",
    "confidence": 0.9107437133789062
  },
  {
    "id": 359,
    "text": "The shipping process was straightforward, and the item was delivered in good condition. I have yet to test its full capabilities.",
    "expected": "neutral",
    "actual": "positive",
    "confidence": 0.8120273351669312
  },
  {
    "id": 361,
    "text": "I ordered a pair of shoes, and they arrived with a huge scratch on the side. Totally unacceptable! Now I have to deal with returns and wait even longer for a replacement. Very disappointed.",
    "expected": "negative",
    "actual": "neutral",
    "confidence": 0.8999701797962188
  },
  {
    "id": 371,
    "text": "The product arrived on time and was as described on the website. No major issues to report.",
    "expected": "neutral",
    "actual": "positive",
    "confidence": 0.8225544691085815
  },
  {
    "id": 385,
    "text": "Fantastic service and a great product! I ordered a set of headphones, and they sound amazing. The battery life is long-lasting, and they look sleek. Definitely a worthwhile investment!",
    "expected": "positive",
    "actual": "neutral",
    "confidence": 0.8438689371943474
  },
  {
    "id": 392,
    "text": "I received my order without any issues. The item is okay, but I was expecting a bit more based on the description.",
    "expected": "neutral",
    "actual": "positive",
    "confidence": 0.8173750638961792
  },
  {
    "id": 394,
    "text": "Shipping was prompt, and the item was in good condition. It serves its purpose, but I feel it could be improved in some areas.",
    "expected": "neutral",
    "actual": "positive",
    "confidence": 0.7590065598487854
  },
  {
    "id": 402,
    "text": "This item is exactly as described on the website. The color and size are accurate, and I found it easy to set up.",
    "expected": "neutral",
    "actual": "positive",
    "confidence": 0.9103038907051086
  },
  {
    "id": 404,
    "text": "The shipping process was straightforward, and I appreciated the tracking updates. The product fits my needs, but I have no strong feelings about it yet.",
    "expected": "neutral",
    "actual": "positive",
    "confidence": 0.7720959782600403
  },
  {
    "id": 405,
    "text": "This purchase went smoothly. The item matches the description and seems functional. I would consider buying from this seller again in the future.",
    "expected": "neutral",
    "actual": "positive",
    "confidence": 0.9449412226676941
  },
  {
    "id": 406,
    "text": "The product arrived on time and in good condition. It matches the description provided on the site, but I haven't had a chance to fully test it yet.",
    "expected": "neutral",
    "actual": "positive",
    "confidence": 0.7864425182342529
  },
  {
    "id": 461,
    "text": "The product arrived on time and in good condition. It functions as described, but I haven't used it extensively yet.",
    "expected": "neutral",
    "actual": "positive",
    "confidence": 0.7937894463539124
  },
  {
    "id": 471,
    "text": "The product arrived on time and was packaged well. It seems to work as described, but I have not used it extensively yet.",
    "expected": "neutral",
    "actual": "positive",
    "confidence": 0.7794709801673889
  },
  {
    "id": 474,
    "text": "This product does what it claims, but I haven't seen any remarkable results after using it for a short time.",
    "expected": "neutral",
    "actual": "negative",
    "confidence": 0.7973174452781677
  },
  {
    "id": 475,
    "text": "The delivery process was smooth, and the item looks fine. I plan to try it out further to see how it holds up over time.",
    "expected": "neutral",
    "actual": "positive",
    "confidence": 0.9389384984970093
  },
  {
    "id": 488,
    "text": "I bought a kitchen gadget and it works like a charm! The price was reasonable, and it has made cooking so much easier. Plus, the customer service was really helpful when I had questions.",
    "expected": "positive",
    "actual": "neutral",
    "confidence": 0.9322090625762939
  },
  {
    "id": 491,
    "text": "I ordered a pair of shoes and they arrived with a huge scuff mark on them. Totally unacceptable for a new product. I reached out to customer service but they were unhelpful. Very disappointed.",
    "expected": "negative",
    "actual": "neutral",
    "confidence": 0.8044769641757011
  },
  {
    "id": 496,
    "text": "The product arrived on time and was as described. It seems to work well for my needs, though I haven't had it long enough to evaluate its durability.",
    "expected": "neutral",
    "actual": "positive",
    "confidence": 0.9118832945823669
  },
  {
    "id": 500,
    "text": "This product serves its purpose. It's not exceptional, but it gets the job done without any major issues.",
    "expected": "neutral",
    "actual": "positive",
    "confidence": 0.8049038648605347
  },
  {
    "id": 504,
    "text": "This is my go-to online shop! I ordered some skincare products, and I love them all. The prices are reasonable, and the quality is top-notch. Fast shipping too. Very satisfied!",
    "expected": "positive",
    "actual": "neutral",
    "confidence": 0.9382484525442123
  },
  {
    "id": 511,
    "text": "The product arrived on time and was as described. It functions well, but I haven't noticed any standout features that make it exceptional.",
    "expected": "neutral",
    "actual": "positive",
    "confidence": 0.7536686658859253
  },
  {
    "id": 586,
    "text": "The product arrived on time, and it was packaged well. It functions as described, but I haven't had a chance to fully test it yet.",
    "expected": "neutral",
    "actual": "positive",
    "confidence": 0.7961231470108032
  },
  {
    "id": 589,
    "text": "Shipping was straightforward, and the item arrived in good condition. I'm still figuring out how well it will work for my needs.",
    "expected": "neutral",
    "actual": "positive",
    "confidence": 0.8448770046234131
  },
  {
    "id": 611,
    "text": "The product arrived on time and was as described. No issues with the shipping process. I would consider buying from this seller again.",
    "expected": "neutral",
    "actual": "positive",
    "confidence": 0.894898533821106
  },
  {
    "id": 621,
    "text": "The item arrived on time and was packaged well. It met my expectations in terms of quality, but I found it to be a bit pricier than similar products.",
    "expected": "neutral",
    "actual": "positive",
    "confidence": 0.8367003798484802
  },
  {
    "id": 634,
    "text": "Shipping was prompt, and the item was exactly what I needed, though it lacks any standout features.",
    "expected": "neutral",
    "actual": "positive",
    "confidence": 0.7525697350502014
  },
  {
    "id": 655,
    "text": "I found some fantastic deals on electronics here. The product I bought works flawlessly, and I saved a lot compared to other retailers. A great shopping experience overall!",
    "expected": "positive",
    "actual": "neutral",
    "confidence": 0.9359531253576279
  },
  {
    "id": 670,
    "text": "Just received my order of skincare products and my skin is already feeling the difference! The prices were reasonable, and shipping was faster than expected. So happy with my purchase!",
    "expected": "positive",
    "actual": "neutral",
    "confidence": 0.9374286442995071
  },
  {
    "id": 680,
    "text": "I paid for expedited shipping, but my package took over a week to arrive. When it finally did, it was damaged. Completely unacceptable.",
    "expected": "negative",
    "actual": "neutral",
    "confidence": 0.7967604553699493
  },
  {
    "id": 683,
    "text": "I can't say enough good things about this online store. I bought a set of kitchen gadgets, and they are not only stylish but also very functional. The prices were reasonable, and everything arrived in perfect condition. Highly satisfied!",
    "expected": "positive",
    "actual": "neutral",
    "confidence": 0.8418074235320091
  },
  {
    "id": 693,
    "text": "I love my new kitchen gadgets! They arrived on time and work like a charm. The prices were reasonable, and the customer service was very helpful when I had a question. A great shopping experience overall!",
    "expected": "positive",
    "actual": "neutral",
    "confidence": 0.9353696674108505
  },
  {
    "id": 711,
    "text": "The product arrived on time, and it was packaged well. It meets my expectations but doesn't stand out in any particular way.",
    "expected": "neutral",
    "actual": "positive",
    "confidence": 0.7591975927352905
  },
  {
    "id": 732,
    "text": "This kitchen gadget has changed my cooking game! It's easy to use and clean, and it works like a charm. The price was reasonable, and I received it much faster than I anticipated. Will definitely buy from here again!",
    "expected": "positive",
    "actual": "neutral",
    "confidence": 0.9373026549816131
  },
  {
    "id": 741,
    "text": "The product arrived on time and was as described. It functions well for the intended purpose, though I haven't used it extensively yet.",
    "expected": "neutral",
    "actual": "positive",
    "confidence": 0.8890306949615479
  },
  {
    "id": 743,
    "text": "I purchased this product a few weeks ago. It's been working fine so far, without any major issues to report.",
    "expected": "neutral",
    "actual": "positive",
    "confidence": 0.8775482773780823
  },
  {
    "id": 745,
    "text": "I received my order without any problems. The item is functional and aligns with the description provided on the website.",
    "expected": "neutral",
    "actual": "positive",
    "confidence": 0.8354400992393494
  },
  {
    "id": 752,
    "text": "This is my go-to store for home essentials. The quality of the products is always top-notch, and the prices are reasonable. My last order arrived on time and in perfect condition. Will definitely shop here again!",
    "expected": "positive",
    "actual": "neutral",
    "confidence": 0.9350443035364151
  },
  {
    "id": 764,
    "text": "My package arrived late and the tracking information was never updated. This lack of communication is unacceptable for an online store.",
    "expected": "negative",
    "actual": "neutral",
    "confidence": 0.8924108207225799
  },
  {
    "id": 798,
    "text": "I bought a kitchen gadget and it works like a charm! Itâ€™s made cooking so much easier and more fun. The price was reasonable, and it came with clear instructions. Can't wait to try out more items from this store!",
    "expected": "positive",
    "actual": "neutral",
    "confidence": 0.9399651348590851
  },
  {
    "id": 817,
    "text": "The packaging was fine, and the item looks like the pictures. I will need to test it out before forming a strong opinion.",
    "expected": "neutral",
    "actual": "positive",
    "confidence": 0.8268837928771973
  },
  {
    "id": 820,
    "text": "Shipping was straightforward, and I received updates along the way. The item itself is okay, nothing too special.",
    "expected": "neutral",
    "actual": "positive",
    "confidence": 0.8368749022483826
  },
  {
    "id": 870,
    "text": "This store has become my go-to for tech accessories! I bought a phone case, and it's both stylish and durable. The prices are reasonable, and shipping was faster than I expected. Highly recommend checking them out!",
    "expected": "positive",
    "actual": "neutral",
    "confidence": 0.9371093958616257
  },
  {
    "id": 888,
    "text": "I purchased a dress for an upcoming event, and it exceeded my expectations! The fabric is soft, and the fit is just right. I've received so many compliments! It's nice to find quality pieces at a reasonable price. Will be recommending to my friends!",
    "expected": "positive",
    "actual": "neutral",
    "confidence": 0.9376862287521361
  },
  {
    "id": 930,
    "text": "Iâ€™m really impressed with the electronics I purchased. They work flawlessly, and the setup was a breeze. Plus, the customer support was excellent when I had a minor issue. Definitely recommend this site for tech lovers!",
    "expected": "positive",
    "actual": "neutral",
    "confidence": 0.9349239200353622
  },
  {
    "id": 938,
    "text": "Shipping was prompt and the item was in good condition upon arrival. It does the job, though I think there are other options that might be better suited for my needs.",
    "expected": "neutral",
    "actual": "positive",
    "confidence": 0.8148884773254395
  },
  {
    "id": 944,
    "text": "This store has become my go-to for all my home essentials. The prices are reasonable, and the variety is impressive. Everything I've ordered has been just as described.",
    "expected": "positive",
    "actual": "neutral",
    "confidence": 0.9308639496564864
  },
  {
    "id": 953,
    "text": "The sizing was completely off. I ordered my usual size, but it was way too tight. I tried to exchange it, but the process was a hassle. Very frustrating experience.",
    "expected": "negative",
    "actual": "neutral",
    "confidence": 0.796839650273323
  },
  {
    "id": 954,
    "text": "I received the wrong item and it took forever to get a response from customer support. Now Iâ€™m stuck with something I didnâ€™t even order and no way to fix it. Totally unacceptable.",
    "expected": "negative",
    "actual": "neutral",
    "confidence": 0.9031388252973556
  },
  {
    "id": 974,
    "text": "The sizing on this clothing is way off. I ordered my usual size, but it fit like two sizes smaller. Now I have to deal with the returns process, which is such a hassle.",
    "expected": "negative",
    "actual": "neutral",
    "confidence": 0.781713270843029
  },
  {
    "id": 1011,
    "text": "The product arrived on time and was packaged well. It functions as described, though I haven't used it extensively yet.",
    "expected": "neutral",
    "actual": "positive",
    "confidence": 0.8821857571601868
  },
  {
    "id": 1016,
    "text": "I ordered a pair of shoes and they arrived with a huge scuff on the side. Totally unacceptable for the price I paid. Very disappointed.",
    "expected": "negative",
    "actual": "neutral",
    "confidence": 0.8944841802120208
  },
  {
    "id": 1027,
    "text": "The shirt I received was several sizes too small, even though I ordered my usual size. The size chart on the site was misleading. Not impressed at all with this purchase!",
    "expected": "negative",
    "actual": "neutral",
    "confidence": 0.7906212705373764
  },
  {
    "id": 1031,
    "text": "The product arrived on time and was packaged well. It seems to work as described, though I haven't used it extensively yet.",
    "expected": "neutral",
    "actual": "positive",
    "confidence": 0.8757169246673584
  },
  {
    "id": 1033,
    "text": "The color and design of the item are as shown in the pictures. It fits my needs without any major issues so far.",
    "expected": "neutral",
    "actual": "positive",
    "confidence": 0.7939231395721436
  },
  {
    "id": 1034,
    "text": "Delivery was prompt, and the product matched the description provided on the website. No complaints at this point.",
    "expected": "neutral",
    "actual": "positive",
    "confidence": 0.8564474582672119
  },
  {
    "id": 1046,
    "text": "The product arrived on time and was packaged well. It functions as described, but I had expected a bit more based on the product description.",
    "expected": "neutral",
    "actual": "positive",
    "confidence": 0.8962886929512024
  },
  {
    "id": 1060,
    "text": "The sizing on this dress is way off. I ordered my usual size, and it was way too tight. Now I have to deal with returns, which is such a hassle.",
    "expected": "negative",
    "actual": "neutral",
    "confidence": 0.8824441879987717
  },
  {
    "id": 1078,
    "text": "The delivery process was smooth, and the item matches the description. Overall, it meets my needs without any standout features.",
    "expected": "neutral",
    "actual": "positive",
    "confidence": 0.9138622283935547
  },
  {
    "id": 1089,
    "text": "Customer service was unhelpful when I tried to resolve an issue with my order. I felt ignored and they didnâ€™t seem to care about my concerns. Not impressed!",
    "expected": "negative",
    "actual": "neutral",
    "confidence": 0.8887242317199706
  },
  {
    "id": 1104,
    "text": "Absolutely love my new kitchen gadget! It's made cooking so much easier. The price was reasonable, and the performance is fantastic. Shipping was quick, and it arrived in perfect condition.",
    "expected": "positive",
    "actual": "neutral",
    "confidence": 0.9402079969644546
  },
  {
    "id": 1138,
    "text": "I purchased this kitchen gadget and it does the job. The instructions were clear, but it took a little longer to assemble than I anticipated.",
    "expected": "neutral",
    "actual": "positive",
    "confidence": 0.819413959980011
  },
  {
    "id": 1184,
    "text": "I bought a kitchen gadget that I had my eye on for a while, and I'm so glad I did! It works like a charm and has made cooking so much easier. The shipping was fast, and it came well-packaged. A great addition to my kitchen!",
    "expected": "positive",
    "actual": "neutral",
    "confidence": 0.8452857819199562
  },
  {
    "id": 1189,
    "text": "I purchased a gift for my friend, and it arrived damaged. The packaging was inadequate, and now I have to rush to find something else. Not impressed at all.",
    "expected": "negative",
    "actual": "neutral",
    "confidence": 0.8974712312221527
  },
  {
    "id": 1199,
    "text": "The delivery process was smooth, and the product is as described. No major issues, but nothing particularly impressive either.",
    "expected": "neutral",
    "actual": "positive",
    "confidence": 0.7974668741226196
  },
  {
    "id": 1207,
    "text": "I purchased this item based on the description provided. It looks similar to what I expected, but I need to test it further to see if it meets my needs.",
    "expected": "neutral",
    "actual": "neutral",
    "confidence": 0.7521646618843079
  },
  {
    "id": 1242,
    "text": "I bought this item last week and it functions properly. There were no issues during the transaction, but I feel the price could be better justified with additional features.",
    "expected": "neutral",
    "actual": "positive",
    "confidence": 0.8524166941642761
  },
  {
    "id": 1253,
    "text": "I received the kitchen gadget and it seems to be functioning properly. It has some useful features, but I haven't had the chance to fully test its capabilities yet.",
    "expected": "neutral",
    "actual": "positive",
    "confidence": 0.8235303163528442
  },
  {
    "id": 1288,
    "text": "The color of the item is exactly what I wanted, but the size runs a bit small. Overall, it meets my needs without any major issues.",
    "expected": "neutral",
    "actual": "positive",
    "confidence": 0.8364275693893433
  },
  {
    "id": 1329,
    "text": "This product meets my initial expectations. It came as described and functions as intended. I will provide further feedback after more usage.",
    "expected": "neutral",
    "actual": "positive",
    "confidence": 0.8675751686096191
  },
  {
    "id": 1330,
    "text": "The delivery was prompt and the item was in good condition. It looks like it will serve its purpose, but I need to try it out further before making any final judgments.",
    "expected": "neutral",
    "actual": "positive",
    "confidence": 0.8972585797309875
  },
  {
    "id": 1355,
    "text": "I bought a set of eco-friendly cleaning supplies and Iâ€™m thrilled with how effective they are! It's great to know I'm helping the environment while keeping my home spotless. Fast shipping too!",
    "expected": "positive",
    "actual": "neutral",
    "confidence": 0.8433299633860588
  },
  {
    "id": 1379,
    "text": "Customer service was unhelpful when I tried to return my item. I felt ignored and frustrated with the whole process.",
    "expected": "negative",
    "actual": "neutral",
    "confidence": 0.8836680680513381
  },
  {
    "id": 1388,
    "text": "I was really excited about my new phone case, but it arrived cracked. The packaging was inadequate, and it seems like no care was taken in shipping. Very frustrating experience.",
    "expected": "negative",
    "actual": "neutral",
    "confidence": 0.7830503091216087
  },
  {
    "id": 1408,
    "text": "This item seems to work fine for my needs, but I expected a bit more based on the product description.",
    "expected": "neutral",
    "actual": "positive",
    "confidence": 0.816773533821106
  },
  {
    "id": 1448,
    "text": "I bought a kitchen gadget from this site, and it works like a charm! It has made cooking so much easier for me. The price was reasonable, and I appreciated the fast delivery.",
    "expected": "positive",
    "actual": "neutral",
    "confidence": 0.935575383901596
  },
  {
    "id": 1453,
    "text": "The sizing on this item is completely off. I ordered my usual size, and it was way too small. Now I have to deal with a return process that seems overly complicated.",
    "expected": "negative",
    "actual": "neutral",
    "confidence": 0.8761203736066818
  },
  {
    "id": 1472,
    "text": "I purchased this item a few weeks ago. It functions properly, though I wish it had more features. Overall, it's just okay.",
    "expected": "neutral",
    "actual": "positive",
    "confidence": 0.9014838337898254
  },
  {
    "id": 1493,
    "text": "I love my new kitchen gadgets! They are high quality and work really well. The prices were reasonable too. Iâ€™ve already recommended this store to my friends!",
    "expected": "positive",
    "actual": "neutral",
    "confidence": 0.939603191614151
  },
  {
    "id": 1513,
    "text": "Absolutely love my new kitchen gadget! It works like a charm and has made cooking so much easier. The price was reasonable, and the customer service was top-notch. Five stars!",
    "expected": "positive",
    "actual": "neutral",
    "confidence": 0.9392531394958495
  },
  {
    "id": 1564,
    "text": "Shipping took forever, and when it finally arrived, it was damaged. I contacted support, but they were slow to respond and didnâ€™t offer a satisfactory solution.",
    "expected": "negative",
    "actual": "neutral",
    "confidence": 0.8073301720619201
  },
  {
    "id": 1565,
    "text": "The sizing was completely off! I ordered my usual size, and it was way too small. Returning it was a nightmare with their policies. Very frustrated with this purchase.",
    "expected": "negative",
    "actual": "neutral",
    "confidence": 0.8950854748487472
  },
  {
    "id": 1581,
    "text": "The product arrived on time and was as described. There were no issues during the purchase process.",
    "expected": "neutral",
    "actual": "positive",
    "confidence": 0.8789162635803223
  },
  {
    "id": 1591,
    "text": "The product arrived on time and was as described. I didn't have any issues during the purchase process. Overall, it met my expectations.",
    "expected": "neutral",
    "actual": "positive",
    "confidence": 0.9269570112228394
  },
  {
    "id": 1626,
    "text": "The product arrived on time and was packaged well. It meets my expectations based on the description provided.",
    "expected": "neutral",
    "actual": "positive",
    "confidence": 0.940037727355957
  },
  {
    "id": 1627,
    "text": "I ordered this item and it functions as advertised. There are no outstanding features, but it does the job.",
    "expected": "neutral",
    "actual": "positive",
    "confidence": 0.8830289244651794
  },
  {
    "id": 1631,
    "text": "The product arrived on time and was as described. Overall, it functions well for my needs.",
    "expected": "neutral",
    "actual": "positive",
    "confidence": 0.9325348734855652
  },
  {
    "id": 1648,
    "text": "Customer service was unhelpful when I tried to return an item that arrived damaged. I felt ignored and frustrated. This is not how you treat customers.",
    "expected": "negative",
    "actual": "neutral",
    "confidence": 0.8918159812688827
  },
  {
    "id": 1686,
    "text": "The product arrived on time and was packaged well. It functions as described, but I haven't used it extensively yet to determine its long-term performance.",
    "expected": "neutral",
    "actual": "positive",
    "confidence": 0.8081985712051392
  },
  {
    "id": 1699,
    "text": "I was impressed by how well packaged my items were. Everything arrived in perfect condition and exactly as described. The prices are also very reasonable. Will be back for more!",
    "expected": "positive",
    "actual": "neutral",
    "confidence": 0.93391934633255
  },
  {
    "id": 1701,
    "text": "The product met my expectations and arrived on time. It works as described, but I wouldn't say it exceeded my needs.",
    "expected": "neutral",
    "actual": "positive",
    "confidence": 0.8303660154342651
  },
  {
    "id": 1703,
    "text": "This kitchen gadget is functional and does its job. There are no major complaints, but I wouldn't go out of my way to recommend it.",
    "expected": "neutral",
    "actual": "positive",
    "confidence": 0.8908042311668396
  },
  {
    "id": 1765,
    "text": "The delivery was straightforward, and the item is okay for everyday use. I don't have any major complaints, but nothing particularly stands out either.",
    "expected": "neutral",
    "actual": "positive",
    "confidence": 0.8251900672912598
  },
  {
    "id": 1773,
    "text": "I received the wrong item and it took weeks to get a refund. The process was frustrating and I felt ignored during the whole ordeal.",
    "expected": "negative",
    "actual": "neutral",
    "confidence": 0.8971040219068527
  },
  {
    "id": 1796,
    "text": "I ordered a pair of shoes in my usual size, but they were way too small. It was frustrating to deal with the return process, and I ended up wasting a lot of time. Not happy with my experience.",
    "expected": "negative",
    "actual": "neutral",
    "confidence": 0.7943265116214753
  },
  {
    "id": 1814,
    "text": "This store has the best selection of home decor items. I found exactly what I was looking for, and the prices are reasonable. My order arrived earlier than expected, and everything was packed securely.",
    "expected": "positive",
    "actual": "neutral",
    "confidence": 0.9302747726440429
  },
  {
    "id": 1818,
    "text": "The delivery process was smooth, and the item looks just like the pictures online. I haven't had any issues, but I also haven't been wowed by it yet.",
    "expected": "neutral",
    "actual": "positive",
    "confidence": 0.8211600184440613
  },
  {
    "id": 1841,
    "text": "The product arrived on time and was as described on the website. No complaints about the quality, but it didn't exceed my expectations either.",
    "expected": "neutral",
    "actual": "positive",
    "confidence": 0.903922438621521
  },
  {
    "id": 1847,
    "text": "The customer service was unhelpful when I tried to return an item that didnâ€™t fit. I felt ignored and was left with no solutions. Definitely not shopping here again.",
    "expected": "negative",
    "actual": "neutral",
    "confidence": 0.8936589360237122
  },
  {
    "id": 1874,
    "text": "I received the item as described, and it has been functioning without any issues. There are no standout features, but it does the job well enough.",
    "expected": "neutral",
    "actual": "positive",
    "confidence": 0.8515750765800476
  },
  {
    "id": 1887,
    "text": "I bought a kitchen gadget that I had been eyeing for a while, and it exceeded my expectations. The functionality is great, and it has made cooking so much easier. Shipping was fast, and it was well-packaged too!",
    "expected": "positive",
    "actual": "neutral",
    "confidence": 0.8443631663918495
  },
  {
    "id": 1889,
    "text": "I ordered some beauty products, and I am thrilled with my purchase! The selection was impressive, and the prices were very reasonable. Everything arrived in perfect condition, and the packaging was lovely.",
    "expected": "positive",
    "actual": "neutral",
    "confidence": 0.9404470086097717
  },
  {
    "id": 1896,
    "text": "The product arrived on time and was packaged well. It seems to work as described, but I haven't had much chance to test its full capabilities yet.",
    "expected": "neutral",
    "actual": "positive",
    "confidence": 0.8326707482337952
  },
  {
    "id": 1936,
    "text": "The product arrived on time and was as described. I haven't had any issues with it so far.",
    "expected": "neutral",
    "actual": "positive",
    "confidence": 0.8902975916862488
  },
  {
    "id": 1961,
    "text": "The product arrived on time and was as described. It functions well, but there are no standout features that make it particularly remarkable.",
    "expected": "neutral",
    "actual": "positive",
    "confidence": 0.8224136233329773
  },
  {
    "id": 1985,
    "text": "I had a terrible experience with my last order. The item arrived late and was damaged. The refund process took forever, and I felt ignored throughout.",
    "expected": "negative",
    "actual": "neutral",
    "confidence": 0.902118170261383
  },
  {
    "id": 1988,
    "text": "Product arrived broken and it took weeks to get a replacement. The whole process was frustrating and I felt like I was being ignored. I wonâ€™t be purchasing from this site anymore.",
    "expected": "negative",
    "actual": "neutral",
    "confidence": 0.9083619743585586
  },
  {
    "id": 2031,
    "text": "I ordered a pair of shoes and they arrived with a scuff on them. Customer service was unhelpful and didnâ€™t offer a satisfactory solution. Very disappointed.",
    "expected": "negative",
    "actual": "neutral",
    "confidence": 0.8957273125648498
  },
  {
    "id": 2052,
    "text": "I received my order without any issues. The item functions properly, but it didnâ€™t exceed my expectations.",
    "expected": "neutral",
    "actual": "positive",
    "confidence": 0.773779034614563
  },
  {
    "id": 2058,
    "text": "Customer service was unhelpful when I tried to return a defective product. I felt ignored and it took forever to get any response. I wonâ€™t be shopping here again.",
    "expected": "negative",
    "actual": "neutral",
    "confidence": 0.899555292725563
  },
  {
    "id": 2067,
    "text": "I received the item in good condition. The color is slightly different from what I expected based on the images, but it still works for what I needed.",
    "expected": "neutral",
    "actual": "positive",
    "confidence": 0.8227906227111816
  },
  {
    "id": 2080,
    "text": "I received the item as described, and it fits well with my needs. There are no major issues, but I haven't been particularly impressed or let down by it.",
    "expected": "neutral",
    "actual": "positive",
    "confidence": 0.840928316116333
  },
  {
    "id": 2108,
    "text": "The website was easy to navigate, and my order was processed without any issues. The product is okay, but it didn't exceed my expectations.",
    "expected": "neutral",
    "actual": "positive",
    "confidence": 0.8571469783782959
  },
  {
    "id": 2161,
    "text": "I ordered a pair of shoes, and they arrived with a huge scuff mark on them. Totally unacceptable for a brand that claims to have quality control. I'm really disappointed and won't be buying from this seller again.",
    "expected": "negative",
    "actual": "neutral",
    "confidence": 0.8931858956813812
  },
  {
    "id": 2196,
    "text": "The product arrived on time, and it was packaged well. I haven't had a chance to use it extensively yet, but initial impressions are okay.",
    "expected": "neutral",
    "actual": "positive",
    "confidence": 0.9491934180259705
  },
  {
    "id": 2199,
    "text": "I received the book I ordered, and it was in good condition. I haven't had the time to read it yet, but the reviews seemed promising.",
    "expected": "neutral",
    "actual": "positive",
    "confidence": 0.9495261907577515
  },
  {
    "id": 2200,
    "text": "The phone case fits my device perfectly. It's not overly flashy, which I appreciate, but it does feel a bit bulkier than I anticipated.",
    "expected": "neutral",
    "actual": "positive",
    "confidence": 0.9407109022140503
  },
  {
    "id": 2247,
    "text": "I purchased this item a few weeks ago. It does the job, though I had to refer to the manual for setup. Overall, it's okay.",
    "expected": "neutral",
    "actual": "positive",
    "confidence": 0.7898045182228088
  },
  {
    "id": 2254,
    "text": "Shipping was prompt, and the customer service was polite when I reached out with a question. The product itself is functional, but I had expected a bit more based on the description.",
    "expected": "neutral",
    "actual": "positive",
    "confidence": 0.8219364881515503
  },
  {
    "id": 2273,
    "text": "The delivery was prompt and the item looks fine. I would say it meets my expectations, but I haven't formed a strong opinion yet.",
    "expected": "neutral",
    "actual": "positive",
    "confidence": 0.8668485879898071
  },
  {
    "id": 2356,
    "text": "The product arrived on time and was as described. It meets my expectations for the price.",
    "expected": "neutral",
    "actual": "positive",
    "confidence": 0.9107196927070618
  },
  {
    "id": 2360,
    "text": "This item is exactly what I needed, though I have not yet had the chance to fully assess its long-term performance.",
    "expected": "neutral",
    "actual": "positive",
    "confidence": 0.8534104228019714
  },
  {
    "id": 2374,
    "text": "I received the product without any issues. It operates fine, but I feel like there are better options available if you look around.",
    "expected": "neutral",
    "actual": "positive",
    "confidence": 0.7754396796226501
  },
  {
    "id": 2380,
    "text": "The item has a straightforward design and is easy to use. It hasn't caused any problems since I started using it.",
    "expected": "neutral",
    "actual": "positive",
    "confidence": 0.8560903072357178
  },
  {
    "id": 2388,
    "text": "I bought a kitchen gadget that was advertised as 'easy to use.' However, it was confusing and didn't work as described. A total waste of money.",
    "expected": "negative",
    "actual": "neutral",
    "confidence": 0.7777469006180763
  },
  {
    "id": 2403,
    "text": "Customer service was unhelpful when I tried to return an item that didn't fit. I felt ignored and frustrated throughout the process.",
    "expected": "negative",
    "actual": "neutral",
    "confidence": 0.8805580854415893
  },
  {
    "id": 2415,
    "text": "I received the item in good condition and it functions as intended. There's nothing particularly remarkable about it, but it gets the job done.",
    "expected": "neutral",
    "actual": "positive",
    "confidence": 0.8271620273590088
  },
  {
    "id": 2462,
    "text": "I found the website easy to navigate, and the checkout process was straightforward. The item I purchased was packaged well.",
    "expected": "neutral",
    "actual": "positive",
    "confidence": 0.9113358855247498
  },
  {
    "id": 2465,
    "text": "I received the product without any issues, and it appears to be working as intended. There are no major complaints at this time.",
    "expected": "neutral",
    "actual": "positive",
    "confidence": 0.7713531851768494
  },
  {
    "id": 2501,
    "text": "The product arrived on time and was packaged well. It functions as described, but I haven't had a chance to fully test it yet.",
    "expected": "neutral",
    "actual": "positive",
    "confidence": 0.7531673312187195
  },
  {
    "id": 2531,
    "text": "I recently bought a pair of running shoes from this site, and I couldn't be happier! They arrived quickly and fit perfectly. The quality is top-notch, and I've noticed a significant difference in my comfort while running. Highly recommend!",
    "expected": "positive",
    "actual": "neutral",
    "confidence": 0.845661983191967
  },
  {
    "id": 2534,
    "text": "I just received my order of organic skincare products, and I am in love! They smell amazing and feel great on my skin. Plus, the packaging was eco-friendly. I appreciate companies that care about the environment while providing quality products.",
    "expected": "positive",
    "actual": "neutral",
    "confidence": 0.8445778691768646
  },
  {
    "id": 2547,
    "text": "I purchased this item based on the description provided. It looks similar to the images, but I have not tested all its features.",
    "expected": "neutral",
    "actual": "neutral",
    "confidence": 0.885388195514679
  },
  {
    "id": 2564,
    "text": "This item functions as intended, but the design wasn't exactly what I was hoping for. It's not bad, but I think there are better alternatives out there.",
    "expected": "neutral",
    "actual": "negative",
    "confidence": 0.7795755863189697
  },
  {
    "id": 2574,
    "text": "The shipping process was straightforward, and the item was delivered in good condition. So far, it seems to work fine.",
    "expected": "neutral",
    "actual": "positive",
    "confidence": 0.850387454032898
  },
  {
    "id": 2576,
    "text": "The product arrived on time and was packaged well. It functions as described, but I haven't noticed any significant changes since I started using it.",
    "expected": "neutral",
    "actual": "positive",
    "confidence": 0.8017118573188782
  },
  {
    "id": 2585,
    "text": "I bought a smartwatch from this site, and it's been a game changer for me. The features are amazing, and it's so easy to use. Plus, the price was unbeatable compared to other retailers. I'm really impressed!",
    "expected": "positive",
    "actual": "neutral",
    "confidence": 0.9397119671106338
  },
  {
    "id": 2590,
    "text": "I received the product and it functions as intended. There was nothing surprising about it, and I have no complaints.",
    "expected": "neutral",
    "actual": "positive",
    "confidence": 0.9013660550117493
  },
  {
    "id": 2594,
    "text": "I received my order without any problems. The instructions provided were clear, and assembling the product was straightforward.",
    "expected": "neutral",
    "actual": "positive",
    "confidence": 0.8692138195037842
  },
  {
    "id": 2605,
    "text": "I can't say enough good things about my experience! I bought a set of kitchen knives, and they are sharp and well-balanced. The quality is top-notch, and I appreciate the quick shipping. Definitely a great purchase!",
    "expected": "positive",
    "actual": "neutral",
    "confidence": 0.9370441645383835
  },
  {
    "id": 2611,
    "text": "The product arrived on time and was as described. I haven't had any issues with it so far.",
    "expected": "neutral",
    "actual": "positive",
    "confidence": 0.8902975916862488
  },
  {
    "id": 2615,
    "text": "The color is exactly what I wanted, but the material feels a bit cheaper than anticipated.",
    "expected": "neutral",
    "actual": "positive",
    "confidence": 0.9114781618118286
  },
  {
    "id": 2625,
    "text": "The electronics I bought didnâ€™t work as advertised, and the return process was a nightmare. I had to pay for return shipping, which felt unfair for a defective item.",
    "expected": "negative",
    "actual": "neutral",
    "confidence": 0.9005377829074859
  },
  {
    "id": 2664,
    "text": "I was really excited about my purchase, but it arrived damaged. The packaging was flimsy, and the item was not protected at all. Totally unacceptable.",
    "expected": "negative",
    "actual": "neutral",
    "confidence": 0.7747379529476166
  },
  {
    "id": 2728,
    "text": "The item looks like the pictures provided on the website. It fits well, but I found the material to be a bit different than I anticipated. Itâ€™s just okay for what I needed.",
    "expected": "neutral",
    "actual": "positive",
    "confidence": 0.8130635023117065
  },
  {
    "id": 2794,
    "text": "The sizing on the clothing is way off. I ordered my usual size, but it was too small. Now I have to deal with returning it, which is such a hassle.",
    "expected": "negative",
    "actual": "neutral",
    "confidence": 0.7846713075041771
  },
  {
    "id": 2826,
    "text": "The product arrived on time and was as described. It functions well for my needs, but I haven't had a chance to test all its features yet.",
    "expected": "neutral",
    "actual": "positive",
    "confidence": 0.8706573843955994
  },
  {
    "id": 2830,
    "text": "The website was easy to navigate, and the checkout process was straightforward. The product is functional, but nothing exceptional.",
    "expected": "neutral",
    "actual": "positive",
    "confidence": 0.8281200528144836
  },
  {
    "id": 2858,
    "text": "I received an item that was supposed to be new, but it came with scratches and dents. It felt like I was sent someone else's return. This is unacceptable for a brand that claims to be high quality.",
    "expected": "negative",
    "actual": "neutral",
    "confidence": 0.7836783134937286
  },
  {
    "id": 2870,
    "text": "This skincare product has transformed my routine! My skin feels so much better, and I've noticed a real difference. The price was reasonable, and it came with a lovely handwritten note. Such a nice touch!",
    "expected": "positive",
    "actual": "neutral",
    "confidence": 0.935119217634201
  },
  {
    "id": 2871,
    "text": "The product arrived on time and was packaged well. It functions as described.",
    "expected": "neutral",
    "actual": "positive",
    "confidence": 0.9141396284103394
  },
  {
    "id": 2873,
    "text": "The shipping process was straightforward, and the item looks like the pictures provided.",
    "expected": "neutral",
    "actual": "positive",
    "confidence": 0.8704805970191956
  },
  {
    "id": 2879,
    "text": "I can't believe how bad this experience was. The item was missing parts, and after reaching out to support, I got no response. Totally unacceptable.",
    "expected": "negative",
    "actual": "neutral",
    "confidence": 0.9025700896978378
  },
  {
    "id": 2883,
    "text": "The delivery process went smoothly, and I appreciate the tracking updates. I will need more time to evaluate how well the product meets my needs.",
    "expected": "neutral",
    "actual": "positive",
    "confidence": 0.9139539003372192
  },
  {
    "id": 2886,
    "text": "The product arrived on time and was as described. It functions well for what I needed, but there are no standout features that set it apart from similar items.",
    "expected": "neutral",
    "actual": "positive",
    "confidence": 0.7821112871170044
  },
  {
    "id": 2902,
    "text": "This online store has become my go-to for home essentials. I ordered some kitchen gadgets, and they arrived promptly and in perfect condition. The prices are reasonable, and the variety of products is impressive. Will definitely shop here again!",
    "expected": "positive",
    "actual": "neutral",
    "confidence": 0.9354268014431
  },
  {
    "id": 2953,
    "text": "I received the item yesterday. It looks similar to the pictures online, and the size is accurate. No issues so far.",
    "expected": "neutral",
    "actual": "positive",
    "confidence": 0.8079070448875427
  },
  {
    "id": 2960,
    "text": "Overall, the shopping experience was smooth. The item is functional, but I feel it could be improved in terms of design.",
    "expected": "neutral",
    "actual": "positive",
    "confidence": 0.8893112540245056
  },
  {
    "id": 2974,
    "text": "I purchased a kitchen appliance that was advertised as 'brand new,' but it arrived with scratches and looks used. This is unacceptable!",
    "expected": "negative",
    "actual": "neutral",
    "confidence": 0.780143132507801
  },
  {
    "id": 3009,
    "text": "Shipping was prompt, and the item looks as advertised. Itâ€™s been working well so far, but I havenâ€™t had enough time to see how it holds up long-term.",
    "expected": "neutral",
    "actual": "positive",
    "confidence": 0.8540769219398499
  },
  {
    "id": 3053,
    "text": "This item works as intended and fits into my setup without any problems. There are no major complaints, but I haven't experienced anything exceptional either.",
    "expected": "neutral",
    "actual": "positive",
    "confidence": 0.8341976404190063
  },
  {
    "id": 3062,
    "text": "Absolutely love my new kitchen gadgets! They are high quality and make cooking so much easier. The prices were reasonable too, and I received my order within a few days. I'll definitely be back for more!",
    "expected": "positive",
    "actual": "neutral",
    "confidence": 0.9400185883045196
  },
  {
    "id": 3097,
    "text": "I ordered a kitchen gadget that Iâ€™ve been wanting for a while, and it arrived faster than expected! It works like a charm, and the quality is outstanding. Cooking has become much easier and more enjoyable. Definitely a great buy!",
    "expected": "positive",
    "actual": "neutral",
    "confidence": 0.8460390508174895
  },
  {
    "id": 3116,
    "text": "The product arrived on time, but it was packaged in a way that could have been better. Overall, it meets my expectations.",
    "expected": "neutral",
    "actual": "positive",
    "confidence": 0.9333085417747498
  },
  {
    "id": 3123,
    "text": "I received the wrong item, and the replacement process was a hassle. I had to pay for shipping again, which felt unfair. I'm not happy with my purchase.",
    "expected": "negative",
    "actual": "neutral",
    "confidence": 0.9009972900152206
  },
  {
    "id": 3133,
    "text": "Shipping was fast, and the customer service was helpful. The item is okay, but I have seen similar products that perform better.",
    "expected": "neutral",
    "actual": "positive",
    "confidence": 0.9266510009765625
  },
  {
    "id": 3151,
    "text": "The product arrived on time and was as described. It functions well and meets my expectations.",
    "expected": "neutral",
    "actual": "positive",
    "confidence": 0.9290989637374878
  },
  {
    "id": 3162,
    "text": "I purchased this item last week. It looks nice and matches the description. So far, there are no issues, but I will update my review if anything changes.",
    "expected": "neutral",
    "actual": "positive",
    "confidence": 0.8923417925834656
  },
  {
    "id": 3181,
    "text": "The product arrived on time and was as described. It seems to be functioning well so far. I will update my review after a few weeks of use.",
    "expected": "neutral",
    "actual": "positive",
    "confidence": 0.8966406583786011
  },
  {
    "id": 3183,
    "text": "I ordered this item based on the specifications provided. It matches what I expected, and I have no complaints at this moment.",
    "expected": "neutral",
    "actual": "positive",
    "confidence": 0.8072740435600281
  },
  {
    "id": 3184,
    "text": "The delivery process was smooth, and the item was easy to set up. I will wait to see how it performs over time before making a final judgment.",
    "expected": "neutral",
    "actual": "positive",
    "confidence": 0.8980059027671814
  },
  {
    "id": 3185,
    "text": "This product serves its purpose as described in the listing. So far, it seems to be doing its job without any issues.",
    "expected": "neutral",
    "actual": "positive",
    "confidence": 0.7703851461410522
  },
  {
    "id": 3198,
    "text": "I waited over three weeks for my order to arrive, and when it finally did, it was the wrong item. Customer service took forever to respond. Completely unacceptable!",
    "expected": "negative",
    "actual": "neutral",
    "confidence": 0.8964326262474059
  },
  {
    "id": 3205,
    "text": "I bought some kitchen gadgets from this ecommerce site, and I am thrilled with my purchase! They work great, and the prices were very reasonable. I will definitely be back for more!",
    "expected": "positive",
    "actual": "neutral",
    "confidence": 0.9410182356834411
  },
  {
    "id": 3233,
    "text": "Customer service was unhelpful when I tried to return an item that was defective. I felt ignored and frustrated throughout the process.",
    "expected": "negative",
    "actual": "neutral",
    "confidence": 0.8870606631040573
  },
  {
    "id": 3235,
    "text": "Shipping took forever, and when the package finally arrived, it was damaged. Iâ€™m quite dissatisfied with this shopping experience overall.",
    "expected": "negative",
    "actual": "neutral",
    "confidence": 0.904466837644577
  },
  {
    "id": 3249,
    "text": "I bought a tech accessory, and it was defective out of the box. After trying to get support, I was left feeling frustrated and ignored. Not worth the hassle.",
    "expected": "negative",
    "actual": "neutral",
    "confidence": 0.8795356184244155
  },
  {
    "id": 3263,
    "text": "The delivery process was smooth, and the item looked just like the pictures. I haven't encountered any issues so far.",
    "expected": "neutral",
    "actual": "positive",
    "confidence": 0.8780743479728699
  },
  {
    "id": 3269,
    "text": "The clothes I bought were so small, even though I ordered my usual size. The return process was a hassle too. I won't be shopping here again.",
    "expected": "negative",
    "actual": "neutral",
    "confidence": 0.7842530116438865
  },
  {
    "id": 3287,
    "text": "I purchased this item to try out. It arrived in good condition, and I have been using it for a few weeks now without any major issues.",
    "expected": "neutral",
    "actual": "positive",
    "confidence": 0.9041706919670105
  },
  {
    "id": 3306,
    "text": "The product arrived on time and was packaged well. It seems to function as described, but I haven't had the chance to fully test it out yet.",
    "expected": "neutral",
    "actual": "positive",
    "confidence": 0.7776007652282715
  },
  {
    "id": 3308,
    "text": "The ordering process was straightforward, and the customer service responded quickly to my inquiries. I will update my review once I have used the product more.",
    "expected": "neutral",
    "actual": "positive",
    "confidence": 0.8808930516242981
  },
  {
    "id": 3310,
    "text": "Delivery was prompt and the tracking was accurate. The product is okay, but I feel like there are better options available.",
    "expected": "neutral",
    "actual": "positive",
    "confidence": 0.8303578495979309
  },
  {
    "id": 3331,
    "text": "The product arrived on time and was packaged well. It looks as described, but I have not had the chance to use it extensively yet.",
    "expected": "neutral",
    "actual": "positive",
    "confidence": 0.8244588375091553
  },
  {
    "id": 3333,
    "text": "This item met my expectations in terms of delivery and appearance. I haven't noticed any problems so far, but I will update my review if anything changes.",
    "expected": "neutral",
    "actual": "positive",
    "confidence": 0.8123877644538879
  },
  {
    "id": 3334,
    "text": "The purchase went smoothly and the product matches the description provided. I have yet to fully evaluate its performance, so I will hold off on any strong opinions.",
    "expected": "neutral",
    "actual": "positive",
    "confidence": 0.7961117625236511
  },
  {
    "id": 3348,
    "text": "I received my order late, and when it finally arrived, the item was damaged. The packaging was inadequate, and I feel like I wasted my money.",
    "expected": "negative",
    "actual": "neutral",
    "confidence": 0.8959086805582046
  },
  {
    "id": 3358,
    "text": "I ordered a kitchen gadget that I had been eyeing for a while, and it exceeded my expectations. The quality is fantastic, and it makes cooking so much easier. Shipping was fast too. Very satisfied with my purchase!",
    "expected": "positive",
    "actual": "neutral",
    "confidence": 0.8452207034826279
  },
  {
    "id": 3365,
    "text": "Just received my new phone case, and itâ€™s exactly what I wanted! The design is beautiful, and it fits perfectly. The price was reasonable too. Iâ€™m definitely recommending this site to my friends!",
    "expected": "positive",
    "actual": "neutral",
    "confidence": 0.9413040190935135
  },
  {
    "id": 3367,
    "text": "The sizing was completely off. I ordered my usual size, but it was way too small. Very disappointed in the fit.",
    "expected": "negative",
    "actual": "neutral",
    "confidence": 0.7911272209882736
  },
  {
    "id": 3393,
    "text": "I waited over two weeks for my package to arrive, only to find out it was lost in transit. I had to file a claim and still haven't received my refund. This is unacceptable.",
    "expected": "negative",
    "actual": "neutral",
    "confidence": 0.8803392320871353
  },
  {
    "id": 3404,
    "text": "I was excited about my order, but it arrived damaged. The packaging was inadequate, and it seems like no care was taken in handling it. I won't be shopping here again.",
    "expected": "negative",
    "actual": "neutral",
    "confidence": 0.7933122664690018
  },
  {
    "id": 3428,
    "text": "I'm really impressed with this purchase. The material feels high-end, and it looks fantastic in my home. Plus, the price was very reasonable for what you get. Will buy from this seller again!",
    "expected": "positive",
    "actual": "neutral",
    "confidence": 0.9383123248815536
  },
  {
    "id": 3445,
    "text": "I ordered a set of kitchen knives, and they are fantastic! Sharp, balanced, and easy to handle. They arrived well-packaged and on time. This is my new go-to online store for cooking essentials!",
    "expected": "positive",
    "actual": "neutral",
    "confidence": 0.9349709749221802
  },
  {
    "id": 3490,
    "text": "I received my order late and it was damaged upon arrival. The packaging was inadequate, and it seems like no care was taken in shipping. Very frustrating experience.",
    "expected": "negative",
    "actual": "neutral",
    "confidence": 0.9014792770147323
  },
  {
    "id": 3544,
    "text": "Absolutely love my new kitchen gadgets! They work like a charm and make cooking so much easier. The prices were reasonable, and I received my order much quicker than expected. A great shopping experience overall!",
    "expected": "positive",
    "actual": "neutral",
    "confidence": 0.9389716029167174
  },
  {
    "id": 3547,
    "text": "This is my go-to store for all my home decor needs. The variety of items available is impressive, and the prices are very reasonable. My latest purchase was a beautiful wall art piece that looks stunning in my living room!",
    "expected": "positive",
    "actual": "neutral",
    "confidence": 0.9376745074987411
  },
  {
    "id": 3615,
    "text": "I was pleasantly surprised by the quality of the clothes I ordered. They fit perfectly and feel so comfortable. Plus, the prices are very reasonable. Iâ€™ll be coming back for more items soon!",
    "expected": "positive",
    "actual": "neutral",
    "confidence": 0.9353078901767731
  },
  {
    "id": 3629,
    "text": "I bought a wireless charger, and it's been a game changer for my phone! It works perfectly and charges quickly without any hassle. The price was reasonable too. Iâ€™m very pleased with this product!",
    "expected": "positive",
    "actual": "neutral",
    "confidence": 0.9391374558210372
  },
  {
    "id": 3633,
    "text": "Customer service was unhelpful when I tried to return my item. I felt ignored and frustrated throughout the whole process.",
    "expected": "negative",
    "actual": "neutral",
    "confidence": 0.8828562438488006
  },
  {
    "id": 3637,
    "text": "This is my go-to online store for all my tech gadgets. The selection is fantastic, and I always find what I need at a reasonable price. Customer service is also top-notch; they answered all my questions promptly. Highly recommend!",
    "expected": "positive",
    "actual": "neutral",
    "confidence": 0.9337896764278412
  },
  {
    "id": 3649,
    "text": "Just received my new laptop from this eCommerce site, and I am thrilled! The performance is outstanding, and it was a great price compared to other retailers. Customer service was also very helpful. A great experience overall!",
    "expected": "positive",
    "actual": "neutral",
    "confidence": 0.9404796242713928
  },
  {
    "id": 3652,
    "text": "I ordered a set of kitchen utensils, and they arrived earlier than expected. The quality is excellent, and they feel sturdy in hand. I've used them multiple times already, and they perform great. Definitely a worthwhile investment!",
    "expected": "positive",
    "actual": "neutral",
    "confidence": 0.8406318327784539
  },
  {
    "id": 3683,
    "text": "I ordered a set of eco-friendly reusable bags, and they are fantastic! The material feels durable, and they hold a lot of items. Plus, they look great! I appreciate that I can reduce plastic waste while shopping. Very satisfied with my purchase.",
    "expected": "positive",
    "actual": "neutral",
    "confidence": 0.8404734429717063
  },
  {
    "id": 3693,
    "text": "This was a huge letdown. The sizing was completely off, and it didn't fit as expected. Trying to get a refund has been a hassle, and I wonâ€™t be buying from this store again.",
    "expected": "negative",
    "actual": "neutral",
    "confidence": 0.9017674386501312
  },
  {
    "id": 3699,
    "text": "I received a faulty electronic device that stopped working after just a week. The seller refused to issue a refund. This is unacceptable!",
    "expected": "negative",
    "actual": "neutral",
    "confidence": 0.8959376722574234
  },
  {
    "id": 3714,
    "text": "The sizing on this dress is completely off. I ordered my usual size, but it was way too tight. Now I have to deal with the hassle of returning it.",
    "expected": "negative",
    "actual": "neutral",
    "confidence": 0.7858434838056564
  },
  {
    "id": 3775,
    "text": "I bought a set of wireless headphones, and they are amazing! The sound quality is top-notch, and the battery life lasts for hours. I use them every day while working out. Best purchase I've made this year!",
    "expected": "positive",
    "actual": "neutral",
    "confidence": 0.8444692692160607
  },
  {
    "id": 3783,
    "text": "I love this store! I found exactly what I was looking for, and the prices were very reasonable. The checkout process was smooth, and my item arrived in perfect condition. Will definitely shop again!",
    "expected": "positive",
    "actual": "neutral",
    "confidence": 0.93684943318367
  },
  {
    "id": 3798,
    "text": "Customer service was unhelpful when I tried to return my order. I felt ignored and frustrated throughout the entire process. Definitely not worth it.",
    "expected": "negative",
    "actual": "neutral",
    "confidence": 0.8956017762422561
  },
  {
    "id": 3800,
    "text": "My experience was terrible. The website was confusing, and my order was mixed up. It took forever to get it sorted out. Very unhappy.",
    "expected": "negative",
    "actual": "neutral",
    "confidence": 0.9084905683994293
  },
  {
    "id": 3823,
    "text": "I was pleasantly surprised by how well this worked. Itâ€™s durable and has been a great addition to my daily routine. Plus, the price was very reasonable. Iâ€™m really satisfied with my purchase!",
    "expected": "positive",
    "actual": "neutral",
    "confidence": 0.935966432094574
  },
  {
    "id": 3844,
    "text": "Just received my new laptop, and I couldn't be happier! It's super fast and sleek. The price was great compared to other sites. Plus, the customer support team was really helpful when I had questions before buying.",
    "expected": "positive",
    "actual": "neutral",
    "confidence": 0.9383658915758133
  },
  {
    "id": 3847,
    "text": "I bought a set of kitchen knives, and they're amazing! The quality is outstanding, and they cut through everything like butter. The price was reasonable too. Will definitely buy from this seller again!",
    "expected": "positive",
    "actual": "neutral",
    "confidence": 0.8415394654870033
  },
  {
    "id": 3858,
    "text": "Customer service was unhelpful when I tried to resolve an issue with my order. I felt ignored and my problem was never solved. I wonâ€™t be shopping here again.",
    "expected": "negative",
    "actual": "neutral",
    "confidence": 0.8917868196964264
  },
  {
    "id": 3868,
    "text": "This online store has become my go-to for home decor. I found some unique pieces that brightened up my living room. The prices are reasonable, and my order was delivered on time. Highly recommend!",
    "expected": "positive",
    "actual": "neutral",
    "confidence": 0.9400991082191467
  },
  {
    "id": 3897,
    "text": "The customer service here is outstanding! I had a minor issue with my order, and they resolved it quickly and professionally. Plus, the products are top-notch. Will definitely shop again!",
    "expected": "positive",
    "actual": "neutral",
    "confidence": 0.9188891887664794
  },
  {
    "id": 3899,
    "text": "Just received my order, and I am thrilled! The items were well-packaged and arrived in perfect condition. The prices are reasonable too for such great quality. Will be a returning customer!",
    "expected": "positive",
    "actual": "neutral",
    "confidence": 0.9397547751665115
  },
  {
    "id": 3907,
    "text": "This online store has become my go-to for home decor. The quality of the items is amazing, and the prices are very reasonable. My latest order arrived in perfect condition, and I love how everything looks in my living room. Will definitely shop here again!",
    "expected": "positive",
    "actual": "neutral",
    "confidence": 0.9394978135824203
  },
  {
    "id": 3910,
    "text": "I bought a set of kitchen knives from this site, and they are amazing! Sharp, well-balanced, and they make cooking so much easier. The delivery was prompt, and I appreciated the follow-up email to ensure I was satisfied. A+ shopping experience!",
    "expected": "positive",
    "actual": "neutral",
    "confidence": 0.9362460434436798
  },
  {
    "id": 3918,
    "text": "Absolutely love my new kitchen gadgets! They arrived on time and are even better than I expected. The prices are reasonable, and Iâ€™m excited to try them out. This store has become my go-to for home essentials!",
    "expected": "positive",
    "actual": "neutral",
    "confidence": 0.9411659121513366
  },
  {
    "id": 3974,
    "text": "I was pleasantly surprised by how well this product works. It does exactly what it promises and even more. The price was reasonable, and I feel like I got a great deal. Very satisfied!",
    "expected": "positive",
    "actual": "neutral",
    "confidence": 0.9373849868774413
  },
  {
    "id": 3982,
    "text": "This kitchen gadget has changed my cooking game entirely! It's so easy to use, and cleaning up afterward is a breeze. Plus, the price was fantastic compared to other stores. Highly recommend it to anyone looking to make meal prep easier!",
    "expected": "positive",
    "actual": "neutral",
    "confidence": 0.9359261155128479
  },
  {
    "id": 4048,
    "text": "I ordered a cozy blanket for the winter, and itâ€™s the softest thing Iâ€™ve ever owned. It keeps me warm and looks great on my couch. The price was reasonable too, especially for the quality. Iâ€™ll be buying more for gifts!",
    "expected": "positive",
    "actual": "neutral",
    "confidence": 0.9338267654180527
  },
  {
    "id": 4103,
    "text": "This has quickly become one of my favorite items. Itâ€™s easy to use, and I love the design. The price was reasonable too! Will be buying again for sure.",
    "expected": "positive",
    "actual": "neutral",
    "confidence": 0.9399306505918502
  },
  {
    "id": 4118,
    "text": "I bought a set of kitchen knives and they are fantastic! The quality is top-notch, and they cut through everything like butter. The price was also very reasonable for what I got. Highly satisfied with my purchase!",
    "expected": "positive",
    "actual": "neutral",
    "confidence": 0.8419173994660377
  },
  {
    "id": 4143,
    "text": "I love my new kitchen gadget! It works exactly as advertised and has made cooking so much easier. The price was reasonable, and it arrived in perfect condition. Very satisfied with my purchase!",
    "expected": "positive",
    "actual": "neutral",
    "confidence": 0.9403160363435745
  },
  {
    "id": 4168,
    "text": "I ordered a kitchen gadget, and it works like a charm! It arrived in perfect condition, and I love using it daily. The price was also very reasonable for the quality.",
    "expected": "positive",
    "actual": "neutral",
    "confidence": 0.9372807979583739
  },
  {
    "id": 4188,
    "text": "This online store has a fantastic selection of clothing. I found exactly what I was looking for, and the prices were very reasonable. Will definitely shop here again!",
    "expected": "positive",
    "actual": "neutral",
    "confidence": 0.9366657435894012
  },
  {
    "id": 4212,
    "text": "This is my go-to store for home decor! I found some unique items that were exactly what I was looking for. The quality is top-notch and the prices are reasonable. I will definitely be shopping here again.",
    "expected": "positive",
    "actual": "neutral",
    "confidence": 0.9374397993087769
  },
  {
    "id": 4249,
    "text": "Iâ€™ve been looking for a comfortable pair of running shoes, and these are perfect! They fit great and provide excellent support. The price was also very reasonable. Iâ€™m extremely satisfied with my purchase!",
    "expected": "positive",
    "actual": "neutral",
    "confidence": 0.938892725110054
  },
  {
    "id": 4257,
    "text": "This is my go-to online shop! The selection is fantastic and the prices are reasonable. I bought a beautiful dress for a wedding, and I received so many compliments. Shipping was quick too. Highly recommend!",
    "expected": "positive",
    "actual": "neutral",
    "confidence": 0.9391139000654221
  },
  {
    "id": 4268,
    "text": "I ordered a set of kitchen knives and they are incredible! Sharp, well-balanced, and easy to handle. The delivery was prompt and the packaging was secure. Will buy again!",
    "expected": "positive",
    "actual": "neutral",
    "confidence": 0.9333861708641051
  },
  {
    "id": 4305,
    "text": "I purchased a set of gardening tools and they are fantastic! Sturdy and reliable, they made my gardening much easier. Plus, the price was very reasonable. Iâ€™ll be back for more gardening supplies soon!",
    "expected": "positive",
    "actual": "neutral",
    "confidence": 0.9344760775566101
  },
  {
    "id": 4360,
    "text": "I ordered a set of eco-friendly cleaning products, and Iâ€™m impressed! They work great and smell wonderful. It's nice to know I'm doing my part for the environment while keeping my home clean.",
    "expected": "positive",
    "actual": "neutral",
    "confidence": 0.8428609094023705
  },
  {
    "id": 4403,
    "text": "This store has an amazing selection of home decor. I found exactly what I was looking for, and the prices were very reasonable. Highly recommend!",
    "expected": "positive",
    "actual": "neutral",
    "confidence": 0.9363330751657486
  },
  {
    "id": 4413,
    "text": "I love my new kitchen appliances! They work perfectly and make cooking so much easier. The prices were reasonable, and I appreciate the discount I received on my first purchase. I'll be back for more soon!",
    "expected": "positive",
    "actual": "neutral",
    "confidence": 0.9382028698921203
  },
  {
    "id": 4429,
    "text": "I bought a gift for my friend's birthday and it was a hit! The quality was excellent and the price was reasonable. Plus, it arrived a day early, which was a nice surprise. I will definitely be shopping here again.",
    "expected": "positive",
    "actual": "neutral",
    "confidence": 0.9369071334600448
  },
  {
    "id": 4433,
    "text": "I ordered a smartwatch and I'm absolutely in love with it! The features are amazing and it syncs effortlessly with my phone. The price was reasonable too. Great experience overall!",
    "expected": "positive",
    "actual": "neutral",
    "confidence": 0.940714332461357
  },
  {
    "id": 4448,
    "text": "Absolutely love my new kitchen gadgets! They are exactly what I was looking for, and they work wonderfully. The prices were reasonable, and I appreciate the quality. Will shop here again!",
    "expected": "positive",
    "actual": "neutral",
    "confidence": 0.9389401763677596
  },
  {
    "id": 4494,
    "text": "Just received my new camera, and I am beyond thrilled! The picture quality is fantastic, and itâ€™s so user-friendly. The price was reasonable, especially with the current sale. Can't wait to take more photos!",
    "expected": "positive",
    "actual": "neutral",
    "confidence": 0.942214822769165
  },
  {
    "id": 4499,
    "text": "This website has become my go-to for home decor. The items are unique and stylish, and the prices are reasonable. My latest purchase exceeded my expectations. Love it!",
    "expected": "positive",
    "actual": "neutral",
    "confidence": 0.9395557403564453
  },
  {
    "id": 4538,
    "text": "I love the eco-friendly packaging! The product itself is top-notch and works like a charm. It's great to see a company that cares about the environment while providing quality goods.",
    "expected": "positive",
    "actual": "neutral",
    "confidence": 0.8425992706418037
  },
  {
    "id": 4604,
    "text": "Just received my new kitchen gadget and I'm in love! It's made cooking so much easier and more fun. The price was reasonable, and it came well-packaged. Highly recommend this store!",
    "expected": "positive",
    "actual": "neutral",
    "confidence": 0.9410932630300521
  },
  {
    "id": 4615,
    "text": "I had an amazing experience shopping for home decor items. The selection is fantastic, and the prices are very reasonable. My order arrived ahead of time, and everything looked beautiful. I will definitely return for more!",
    "expected": "positive",
    "actual": "neutral",
    "confidence": 0.9402331948280334
  },
  {
    "id": 4628,
    "text": "I ordered a cozy blanket and it is the softest thing ever! It came right on time and the quality is outstanding. Iâ€™ve been using it every night while binge-watching my favorite shows. Definitely worth the price!",
    "expected": "positive",
    "actual": "neutral",
    "confidence": 0.8458727619051933
  },
  {
    "id": 4643,
    "text": "I love my new kitchen gadgets! They arrived on time and work like a charm. The prices were reasonable, and the quality is top-notch. 5 stars from me!",
    "expected": "positive",
    "actual": "neutral",
    "confidence": 0.938715773820877
  },
  {
    "id": 4663,
    "text": "This online shop has become my go-to for home decor. I bought a set of decorative pillows and they look amazing on my sofa! The quality is impressive and the prices are reasonable. Will definitely shop here again.",
    "expected": "positive",
    "actual": "neutral",
    "confidence": 0.9388456702232361
  },
  {
    "id": 4669,
    "text": "This online shop has become my go-to for home decor. The items are unique and the prices are reasonable. My latest purchase arrived in perfect condition and looks gorgeous in my living room!",
    "expected": "positive",
    "actual": "neutral",
    "confidence": 0.9393473058938979
  },
  {
    "id": 4738,
    "text": "I ordered a set of kitchen knives, and they are incredible! Sharp, well-balanced, and the design is sleek. Customer service was also very helpful during my purchase.",
    "expected": "positive",
    "actual": "neutral",
    "confidence": 0.9367213487625121
  },
  {
    "id": 4769,
    "text": "I bought a cozy blanket for my living room, and it's the softest thing ever! The colors match perfectly with my decor, and it's so warm. I love curling up with it while watching movies. Overall, a fantastic purchase!",
    "expected": "positive",
    "actual": "neutral",
    "confidence": 0.8451364633440971
  },
  {
    "id": 4777,
    "text": "Just received my order of kitchen gadgets, and I am thrilled with the quality! Each item feels sturdy and well-made. The prices were reasonable, and they arrived sooner than expected. Highly recommend this store for anyone looking to upgrade their kitchen tools!",
    "expected": "positive",
    "actual": "neutral",
    "confidence": 0.938544937968254
  },
  {
    "id": 4805,
    "text": "Just received my new laptop, and I'm thrilled! It runs smoothly and the battery life is impressive. The price was unbeatable compared to other retailers. I also appreciated the detailed tracking updates during shipping. Highly satisfied!",
    "expected": "positive",
    "actual": "neutral",
    "confidence": 0.9404278129339217
  },
  {
    "id": 4835,
    "text": "The book I ordered arrived in perfect condition and was exactly what I was looking for. The prices were reasonable, and checkout was a breeze. Iâ€™ll definitely shop here again for my next read!",
    "expected": "positive",
    "actual": "neutral",
    "confidence": 0.9320605933666228
  },
  {
    "id": 4875,
    "text": "I bought a set of skincare products, and I've seen such a difference in my skin! The results are amazing, and the packaging is so cute. Plus, the prices are very reasonable. This store has won my loyalty!",
    "expected": "positive",
    "actual": "neutral",
    "confidence": 0.9372546941041946
  },
  {
    "id": 4883,
    "text": "Just received my new laptop, and itâ€™s everything I hoped for! The performance is amazing, and the design is sleek. It was also a great deal compared to other retailers. Iâ€™m really impressed with this purchase!",
    "expected": "positive",
    "actual": "neutral",
    "confidence": 0.941208267211914
  },
  {
    "id": 4985,
    "text": "I love this store! I ordered some kitchen gadgets, and they work like a charm. The prices are very reasonable, and my order arrived earlier than expected. Can't wait to try more products!",
    "expected": "positive",
    "actual": "neutral",
    "confidence": 0.9411618351936339
  },
  {
    "id": 4987,
    "text": "Absolutely love my new kitchen gadgets! They work like a charm and make cooking so much easier. The quality is top-notch and the prices are very reasonable. Will definitely shop here again!",
    "expected": "positive",
    "actual": "neutral",
    "confidence": 0.9395574390888214
  },
  {
    "id": 5005,
    "text": "Fantastic experience shopping here! The clothes I ordered fit like a dream and are super stylish. The return policy is also very fair, which gives me peace of mind when shopping online. Iâ€™m already planning my next order.",
    "expected": "positive",
    "actual": "neutral",
    "confidence": 0.9374862313270569
  },
  {
    "id": 5018,
    "text": "I ordered a cozy blanket, and itâ€™s the best purchase I've made in a while. It's soft, warm, and just the right size for my couch. Perfect for movie nights!",
    "expected": "positive",
    "actual": "neutral",
    "confidence": 0.8446639949083329
  },
  {
    "id": 5067,
    "text": "This was my first time shopping here, and I was pleasantly surprised. The product selection is fantastic, and the prices were very reasonable. My order arrived on time, and everything was just as described. Will definitely be back!",
    "expected": "positive",
    "actual": "neutral",
    "confidence": 0.9379617065191268
  },
  {
    "id": 5113,
    "text": "This online shop has become my go-to for beauty products. I recently got a skincare set, and my skin has never felt better! The prices are reasonable, and they often have great sales. Plus, the customer service is top-notch!",
    "expected": "positive",
    "actual": "neutral",
    "confidence": 0.9371083199977874
  },
  {
    "id": 5153,
    "text": "I ordered a kitchen gadget that I had been eyeing for a while, and it arrived sooner than expected. It works like a charm! The instructions were clear, and using it has made cooking so much easier. I'm thrilled with my purchase!",
    "expected": "positive",
    "actual": "neutral",
    "confidence": 0.8455419677495957
  },
  {
    "id": 5180,
    "text": "This store exceeded my expectations! The product selection is vast, and the prices are very reasonable. My order was packed securely and arrived in perfect condition. Iâ€™m thrilled with my purchase and can't wait to shop again.",
    "expected": "positive",
    "actual": "neutral",
    "confidence": 0.9399684756994247
  },
  {
    "id": 5184,
    "text": "This is my go-to store for all my beauty needs. The selection is fantastic, and the prices are fair. Plus, my last order arrived in perfect condition and on time!",
    "expected": "positive",
    "actual": "neutral",
    "confidence": 0.9380529850721359
  },
  {
    "id": 5268,
    "text": "I bought a set of kitchen knives from here and they are fantastic! The quality is incredible, and they cut through everything like butter. The price was reasonable too, definitely worth it!",
    "expected": "positive",
    "actual": "neutral",
    "confidence": 0.8424004679918289
  },
  {
    "id": 5290,
    "text": "The wireless earbuds I got are amazing! The sound quality is top-notch, and they fit comfortably in my ears. They also connect quickly to my devices, which is a huge plus. Best audio purchase Iâ€™ve made in a while!",
    "expected": "positive",
    "actual": "neutral",
    "confidence": 0.844772645831108
  },
  {
    "id": 5302,
    "text": "This online store has become my go-to for home essentials. The quality of the kitchenware I ordered exceeded my expectations, and the prices are very reasonable. I will definitely be back for more!",
    "expected": "positive",
    "actual": "neutral",
    "confidence": 0.9377802252769469
  },
  {
    "id": 5335,
    "text": "Just got my new set of kitchen knives, and I am thrilled! They are incredibly sharp and feel great in my hand. The price was reasonable too. I canâ€™t wait to start cooking more gourmet meals.",
    "expected": "positive",
    "actual": "neutral",
    "confidence": 0.9409955859184265
  },
  {
    "id": 5388,
    "text": "I love this store! I ordered a kitchen gadget, and it works like a charm. The price was reasonable, and the quality exceeded my expectations. Customer service was also very helpful when I had a question. Five stars!",
    "expected": "positive",
    "actual": "neutral",
    "confidence": 0.9364205598831177
  },
  {
    "id": 5395,
    "text": "Such a great buy! The price was reasonable, and the quality is unmatched. It arrived in perfect condition and on time. A wonderful shopping experience overall!",
    "expected": "positive",
    "actual": "neutral",
    "confidence": 0.9389075040817261
  },
  {
    "id": 5457,
    "text": "This online shop has become my go-to for skincare products. The variety is impressive, and the prices are very reasonable. My order arrived quickly and was beautifully packaged. I will definitely be back for more!",
    "expected": "positive",
    "actual": "neutral",
    "confidence": 0.9384901255369186
  },
  {
    "id": 5477,
    "text": "I've bought several kitchen gadgets from this website, and each one has exceeded my expectations. The prices are reasonable, and the shipping is super fast. My favorite is the multi-functional blender; it works like a charm!",
    "expected": "positive",
    "actual": "neutral",
    "confidence": 0.9368319362401962
  },
  {
    "id": 5522,
    "text": "This kitchen gadget has changed my cooking game! It works exactly as described and has made meal prep so much easier. Plus, the price was unbeatable compared to other retailers. Will definitely be coming back for more.",
    "expected": "positive",
    "actual": "neutral",
    "confidence": 0.9380044013261795
  },
  {
    "id": 5541,
    "text": "I recently purchased a set of kitchen knives from this store, and I couldn't be happier! They are super sharp and cut through everything like butter. The quality is outstanding, and the price was reasonable. Highly recommend!",
    "expected": "positive",
    "actual": "neutral",
    "confidence": 0.8443847742676734
  },
  {
    "id": 5565,
    "text": "I love this online store! I bought some beauty products and they were all authentic and fresh. The prices were reasonable too. Definitely a go-to place for my shopping needs!",
    "expected": "positive",
    "actual": "neutral",
    "confidence": 0.9384231388568878
  },
  {
    "id": 5584,
    "text": "I bought a set of eco-friendly reusable bags from here, and they are fantastic! They are sturdy, spacious, and look great. It feels good to be reducing plastic waste while shopping. I'm very satisfied with my purchase!",
    "expected": "positive",
    "actual": "neutral",
    "confidence": 0.8426337209343909
  },
  {
    "id": 5595,
    "text": "This is my go-to store for skincare products! Iâ€™ve tried several items, and they all work wonders. The prices are reasonable, and the customer service is always friendly. Love this place!",
    "expected": "positive",
    "actual": "neutral",
    "confidence": 0.9390427231788635
  },
  {
    "id": 5633,
    "text": "Absolutely love the new sneakers I bought! They fit perfectly and are so comfortable for everyday wear. The price was reasonable and delivery was prompt. Five stars!",
    "expected": "positive",
    "actual": "neutral",
    "confidence": 0.9393633872270584
  },
  {
    "id": 5659,
    "text": "I've been shopping here for a while, and I always find great deals. The customer service is top-notch, and they promptly answered all my questions. So happy with my latest purchase!",
    "expected": "positive",
    "actual": "neutral",
    "confidence": 0.8420290061831475
  },
  {
    "id": 5678,
    "text": "I bought a kitchen gadget that I had been eyeing for a while, and it exceeded my expectations! It works like a charm and has made cooking so much easier. Plus, the customer service was really helpful when I had questions. Five stars from me!",
    "expected": "positive",
    "actual": "neutral",
    "confidence": 0.8430888622999191
  },
  {
    "id": 5697,
    "text": "This online store has quickly become my go-to for home essentials. I ordered several kitchen gadgets, and they arrived in great condition. Everything works as expected, and the prices are unbeatable. Will definitely shop here again!",
    "expected": "positive",
    "actual": "neutral",
    "confidence": 0.9362665414810181
  },
  {
    "id": 5728,
    "text": "This kitchen gadget has changed my cooking game! It's so easy to use and clean. The price was reasonable too. I'm really glad I made this purchase!",
    "expected": "positive",
    "actual": "neutral",
    "confidence": 0.9392691642045974
  },
  {
    "id": 5750,
    "text": "I just received my new phone case, and it's exactly what I wanted! It's stylish, durable, and fits my phone like a glove. The price was reasonable too. Iâ€™m really pleased with my shopping experience!",
    "expected": "positive",
    "actual": "neutral",
    "confidence": 0.9393089145421981
  },
  {
    "id": 5753,
    "text": "I ordered a kitchen gadget, and it arrived in perfect condition. It's easy to use and works like a charm. The price was also very reasonable. I'm so glad I found this website!",
    "expected": "positive",
    "actual": "neutral",
    "confidence": 0.936758890748024
  },
  {
    "id": 5757,
    "text": "I ordered a kitchen gadget that I had been eyeing for a while, and it exceeded my expectations. It's easy to use and has made cooking so much more enjoyable. Will definitely be shopping here again!",
    "expected": "positive",
    "actual": "neutral",
    "confidence": 0.8425016784667969
  },
  {
    "id": 5799,
    "text": "I bought a set of towels, and they are so soft and absorbent! The colors are vibrant and they washed well without fading. The price was reasonable, and I received them quickly. Very satisfied with my purchase!",
    "expected": "positive",
    "actual": "neutral",
    "confidence": 0.9322625160217285
  },
  {
    "id": 5825,
    "text": "I am thrilled with the new laptop I purchased. It runs smoothly and was a great price compared to other sites. The checkout process was easy, and it arrived ahead of schedule!",
    "expected": "positive",
    "actual": "neutral",
    "confidence": 0.9393386989831924
  },
  {
    "id": 5843,
    "text": "I ordered a set of kitchen utensils, and they are fantastic! The quality is top-notch, and they look great in my kitchen. I've used them every day since they arrived. Best purchase I've made in a while!",
    "expected": "positive",
    "actual": "neutral",
    "confidence": 0.8448056691884994
  },
  {
    "id": 5855,
    "text": "I ordered a laptop bag, and it is just perfect for my needs! Stylish, spacious, and very well made. The price was reasonable too. Overall, a great shopping experience!",
    "expected": "positive",
    "actual": "neutral",
    "confidence": 0.9357539772987366
  },
  {
    "id": 5877,
    "text": "This is my go-to store for home goods. The quality of the products is outstanding, and the prices are reasonable. I love my new kitchen gadgets!",
    "expected": "positive",
    "actual": "neutral",
    "confidence": 0.9394753336906433
  },
  {
    "id": 5967,
    "text": "This is my go-to store for all my home decor needs. I found some unique pieces that I haven't seen anywhere else, and the prices were very reasonable. The checkout process was smooth and hassle-free. Will definitely be back for more!",
    "expected": "positive",
    "actual": "neutral",
    "confidence": 0.9321895837783813
  }
]