[
  {
    "id": 11,
    "text": "The new laptop from PowerBook is perfect for students. It's lightweight yet powerful, making it easy to carry to class while handling all my tasks efficiently. Very satisfied!",
    "expected": "positive",
    "actual": "neutral",
    "confidence": 0.8426557874679566
  },
  {
    "id": 14,
    "text": "The new noise-canceling headphones from QuietSound are a blessing. They block out distractions while providing superb sound quality. Perfect for my work-from-home setup!",
    "expected": "positive",
    "actual": "neutral",
    "confidence": 0.83952621281147
  },
  {
    "id": 58,
    "text": "The noise-canceling headphones are a blessing! They block out distractions and provide excellent sound quality. Perfect for focusing while working or when I'm on the go.",
    "expected": "positive",
    "actual": "neutral",
    "confidence": 0.8369951355457306
  },
  {
    "id": 86,
    "text": "I am thoroughly impressed with the new home security camera from Company H. The video quality is top-notch, and the remote access feature provides peace of mind while Iâ€™m away. It's so easy to set up and use!",
    "expected": "positive",
    "actual": "neutral",
    "confidence": 0.8416864907741547
  },
  {
    "id": 115,
    "text": "Using this project management software has transformed how my team collaborates. It's intuitive, and the features enhance productivity significantly. Weâ€™ve seen an increase in efficiency already. Absolutely worthwhile!",
    "expected": "positive",
    "actual": "neutral",
    "confidence": 0.8432893976569176
  },
  {
    "id": 144,
    "text": "I'm very impressed with the performance of my new gaming laptop. It runs all my favorite titles smoothly and has a crisp display. Best investment I've made in a while!",
    "expected": "positive",
    "actual": "neutral",
    "confidence": 0.8455115434527396
  },
  {
    "id": 149,
    "text": "I recently got a new electric bike, and it has transformed my daily commute. It's smooth, eco-friendly, and gives me the exercise I need while reducing my carbon footprint.",
    "expected": "positive",
    "actual": "neutral",
    "confidence": 0.8322038438916206
  },
  {
    "id": 162,
    "text": "Iâ€™m impressed with this smart thermostat! It learns my habits and keeps my home comfortable while saving energy. Itâ€™s a smart investment for the future.",
    "expected": "positive",
    "actual": "neutral",
    "confidence": 0.8383413469791412
  },
  {
    "id": 182,
    "text": "I expected a lot from this laptop, but it tends to overheat quickly and the fan is ridiculously loud. It makes working on it quite an annoyance.",
    "expected": "negative",
    "actual": "neutral",
    "confidence": 0.760225818157196
  },
  {
    "id": 186,
    "text": "The service from their tech support was absolutely useless. I spent hours on the phone and got no solutions. Unacceptable level of customer care.",
    "expected": "negative",
    "actual": "neutral",
    "confidence": 0.9132780492305755
  },
  {
    "id": 195,
    "text": "I was really excited about the new smartphone I purchased, but the battery life is utterly disappointing. It barely lasts a day with normal usage, and I've had issues with it heating up while charging. Definitely not worth the hype!",
    "expected": "negative",
    "actual": "neutral",
    "confidence": 0.8232753625810146
  },
  {
    "id": 199,
    "text": "The fitness tracker I bought is inaccurate when it comes to measuring steps and heart rate. Iâ€™ve compared it with other devices, and itâ€™s often way off. Itâ€™s not really helping me with my fitness goals.",
    "expected": "negative",
    "actual": "neutral",
    "confidence": 0.8613225460052489
  },
  {
    "id": 207,
    "text": "The tablet I decided to invest in is inadequate for serious work. The battery drains quickly, and running multiple apps at once is like pulling teeth. Not ideal for productivity.",
    "expected": "negative",
    "actual": "neutral",
    "confidence": 0.8754674941301346
  },
  {
    "id": 211,
    "text": "The new laptop looks sleek, but it's painfully slow. It takes ages to boot up, and even basic tasks feel like a struggle. I expected much better performance for the price.",
    "expected": "negative",
    "actual": "neutral",
    "confidence": 0.8066738328337669
  },
  {
    "id": 215,
    "text": "The new gaming console is overpriced, and the graphics aren't as impressive as advertised. The library of games is quite limited too. I'm regretting this purchase.",
    "expected": "negative",
    "actual": "neutral",
    "confidence": 0.8970741242170334
  },
  {
    "id": 216,
    "text": "I wanted to love this e-reader, but the screen is too reflective, making it hard to read outdoors. Plus, it often lags while turning pages. Definitely not the smooth experience I expected.",
    "expected": "negative",
    "actual": "neutral",
    "confidence": 0.7888948827981949
  },
  {
    "id": 230,
    "text": "I bought this gaming console for my kids, but the graphics and performance are underwhelming. It freezes regularly, which is unacceptable for a brand-new device.",
    "expected": "negative",
    "actual": "neutral",
    "confidence": 0.7975064876675606
  },
  {
    "id": 233,
    "text": "The customer service from this tech company is non-existent. I reached out for support and never received a satisfactory response. Very frustrating!",
    "expected": "negative",
    "actual": "neutral",
    "confidence": 0.9056390762329101
  },
  {
    "id": 242,
    "text": "Bought this laptop for work, and it constantly overheats even during normal tasks. The fan is annoyingly loud, and sometimes it just shuts down unexpectedly. I regret this purchase.",
    "expected": "negative",
    "actual": "neutral",
    "confidence": 0.9883757686614991
  },
  {
    "id": 246,
    "text": "This fitness tracker claims to monitor everything, but it's wildly inaccurate. The heart rate monitor is off by quite a bit, which makes me question all the data it provides. I expected better.",
    "expected": "negative",
    "actual": "neutral",
    "confidence": 0.7770075443387031
  },
  {
    "id": 257,
    "text": "After investing in this laptop, I'm frustrated with how slow it runs. It struggles with basic tasks, which is unacceptable for the price I paid.",
    "expected": "negative",
    "actual": "neutral",
    "confidence": 0.9798384833335877
  },
  {
    "id": 258,
    "text": "The smart speaker's voice recognition is terrible. It struggles to understand basic commands, making it more hassle than it's worth.",
    "expected": "negative",
    "actual": "neutral",
    "confidence": 0.9050456523895263
  },
  {
    "id": 275,
    "text": "The headphones sound decent, but the fit is terrible. They constantly fall out of my ears during workouts. I expected better.",
    "expected": "negative",
    "actual": "neutral",
    "confidence": 0.7988435769081116
  },
  {
    "id": 329,
    "text": "I wanted to love this new camera, but the image quality is lacking compared to my old one. I feel let down by the hype.",
    "expected": "negative",
    "actual": "neutral",
    "confidence": 0.7510794693231583
  },
  {
    "id": 331,
    "text": "I tried using the new laptop for gaming, but it struggles to run basic titles. Constantly overheating and the fan noise is unbearable. Definitely not worth the price.",
    "expected": "negative",
    "actual": "neutral",
    "confidence": 0.7890516418218613
  },
  {
    "id": 348,
    "text": "The tablet provides a good display and performance for media consumption. Additionally, the compatibility with various apps is a positive aspect, though it may not replace a laptop entirely.",
    "expected": "neutral",
    "actual": "positive",
    "confidence": 0.9399202466011047
  },
  {
    "id": 351,
    "text": "The recent update to the operating system includes some useful features, but it also introduces a few bugs that need fixing. Overall, it does enhance user experience.",
    "expected": "neutral",
    "actual": "positive",
    "confidence": 0.8506101965904236
  },
  {
    "id": 356,
    "text": "The new photo editing software is packed with features that appeal to both amateurs and professionals. Nonetheless, the learning curve can be steep for new users.",
    "expected": "neutral",
    "actual": "positive",
    "confidence": 0.8363549113273621
  },
  {
    "id": 363,
    "text": "A popular noise-canceling headphone, it does well in sound isolation, but the comfort level varies among users. It's worth considering if you value audio quality.",
    "expected": "neutral",
    "actual": "positive",
    "confidence": 0.7982403635978699
  },
  {
    "id": 366,
    "text": "This gaming console delivers solid performance and has a good selection of titles. Nonetheless, it faces stiff competition from other models in the market.",
    "expected": "neutral",
    "actual": "positive",
    "confidence": 0.9194536805152893
  },
  {
    "id": 370,
    "text": "The augmented reality headset is intriguing with its capabilities, but practical applications are still developing. It has potential for future use but is limited currently.",
    "expected": "neutral",
    "actual": "positive",
    "confidence": 0.8904943466186523
  },
  {
    "id": 400,
    "text": "The gaming console provides a variety of exclusive titles and smooth graphics. Itâ€™s a good addition for both casual and regular gamers, though initial setup can be time-consuming.",
    "expected": "neutral",
    "actual": "positive",
    "confidence": 0.9533461332321167
  },
  {
    "id": 402,
    "text": "The high-resolution monitor delivers vibrant colors and good viewing angles. The price point is competitive, but it lacks built-in speakers, which could be a drawback for some.",
    "expected": "neutral",
    "actual": "positive",
    "confidence": 0.7643389701843262
  },
  {
    "id": 417,
    "text": "This drone features a user-friendly interface and good camera quality, but battery life tends to be an area for improvement in longer flight sessions.",
    "expected": "neutral",
    "actual": "positive",
    "confidence": 0.9212154150009155
  },
  {
    "id": 427,
    "text": "The STU router offers good connectivity for home use and sets up easily. Nevertheless, users have noted that the range could be better in larger homes.",
    "expected": "neutral",
    "actual": "positive",
    "confidence": 0.8682428598403931
  },
  {
    "id": 468,
    "text": "The tablet is lightweight and portable, which is great for on-the-go usage, but the display could be brighter.",
    "expected": "neutral",
    "actual": "positive",
    "confidence": 0.9437671303749084
  },
  {
    "id": 473,
    "text": "The new e-reader is easy to hold with a comfortable screen size, despite lacking waterproofing which could limit use in certain environments.",
    "expected": "neutral",
    "actual": "positive",
    "confidence": 0.7646409869194031
  },
  {
    "id": 489,
    "text": "The fitness tracker includes a variety of monitoring functions for health metrics, though some users find the app interface confusing.",
    "expected": "neutral",
    "actual": "neutral",
    "confidence": 0.7729883790016174
  },
  {
    "id": 494,
    "text": "The virtual reality headset delivers an immersive experience, though the setup process can be more involved than expected.",
    "expected": "neutral",
    "actual": "positive",
    "confidence": 0.7607884407043457
  },
  {
    "id": 503,
    "text": "This camera offers solid image quality in well-lit conditions and has straightforward controls. It may require additional lenses for more versatility.",
    "expected": "neutral",
    "actual": "positive",
    "confidence": 0.8588317036628723
  },
  {
    "id": 504,
    "text": "The gaming console provides access to a wide selection of titles, but the initial setup can be lengthy and may confuse some users.",
    "expected": "neutral",
    "actual": "neutral",
    "confidence": 0.7507264018058777
  },
  {
    "id": 507,
    "text": "The cloud storage service has a straightforward interface, but the free storage limit may be limiting for users with larger file needs.",
    "expected": "neutral",
    "actual": "neutral",
    "confidence": 0.8310569524765015
  },
  {
    "id": 524,
    "text": "I bought a new electric scooter, and itâ€™s one of the best decisions Iâ€™ve made! Itâ€™s fast, eco-friendly, and perfect for short commutes. I enjoy the fresh air while avoiding traffic, and itâ€™s super fun to ride!",
    "expected": "positive",
    "actual": "neutral",
    "confidence": 0.8459064477682113
  },
  {
    "id": 625,
    "text": "I installed a new antivirus software, and Iâ€™m really impressed. It's lightweight, doesn't slow down my computer, and keeps out threats effectively. Peace of mind while browsing online is invaluable!",
    "expected": "positive",
    "actual": "neutral",
    "confidence": 0.8266382360458374
  },
  {
    "id": 664,
    "text": "My experience with the new tablet has been underwhelming. The screen resolution is subpar, and it struggles to run basic apps. I regret my decision to switch from my old trusty device.",
    "expected": "negative",
    "actual": "neutral",
    "confidence": 0.8998283356428146
  },
  {
    "id": 666,
    "text": "The latest gaming console is a letdown. The game library is lacking, and I've encountered multiple glitches while playing. I wish I had stuck with my previous console.",
    "expected": "negative",
    "actual": "neutral",
    "confidence": 0.8112482813000679
  },
  {
    "id": 668,
    "text": "My wireless printer has been a headache. It constantly jams and takes ages to connect to my devices. The print quality is not worth the hassle. I'd rather go to a print shop.",
    "expected": "negative",
    "actual": "neutral",
    "confidence": 0.8976833462715148
  },
  {
    "id": 673,
    "text": "The wireless earbuds I purchased were a huge mistake. They fall out easily and the sound quality is barely average. I shouldnâ€™t have trusted the reviews I read.",
    "expected": "negative",
    "actual": "neutral",
    "confidence": 0.8941648185253143
  },
  {
    "id": 685,
    "text": "The tablet I received is extremely slow, even for basic tasks. Itâ€™s not what I expected when looking to replace my old device. Very underwhelming!",
    "expected": "negative",
    "actual": "neutral",
    "confidence": 0.8968975126743316
  },
  {
    "id": 706,
    "text": "I purchased the latest smartphone, and I'm thoroughly disappointed. The battery drains way too quickly, and the performance is sluggish compared to my older model.",
    "expected": "negative",
    "actual": "neutral",
    "confidence": 0.8993313431739807
  },
  {
    "id": 721,
    "text": "I had high hopes for this smartphone, but the battery lasts barely half a day on normal usage. It's frustrating to constantly have to charge it.",
    "expected": "negative",
    "actual": "neutral",
    "confidence": 0.8300941100120546
  },
  {
    "id": 728,
    "text": "This game's graphics are outdated, and the mechanics are clunky. It feels like a cash grab rather than a well-made product.",
    "expected": "negative",
    "actual": "neutral",
    "confidence": 0.8914904475212097
  },
  {
    "id": 736,
    "text": "I was really excited about this new smartphone, but the battery life is just awful. It barely lasts a day, even with moderate use. Honestly, it's a deal-breaker for me.",
    "expected": "negative",
    "actual": "neutral",
    "confidence": 0.7653563126921653
  },
  {
    "id": 743,
    "text": "The gaming console I bought is underwhelming. The graphics arenâ€™t as impressive as I expected, and the loading times are just ridiculous. Iâ€™m quite disappointed.",
    "expected": "negative",
    "actual": "neutral",
    "confidence": 0.9081990092992782
  },
  {
    "id": 756,
    "text": "This tablet has too many bugs and glitches. It crashed multiple times while I was using it, which makes it hard to rely on for work.",
    "expected": "negative",
    "actual": "neutral",
    "confidence": 0.8007006311416627
  },
  {
    "id": 758,
    "text": "I bought a new pair of wireless earbuds and they constantly fall out while I'm running. Itâ€™s embarrassing and not what I was hoping for.",
    "expected": "negative",
    "actual": "neutral",
    "confidence": 0.8041392901539803
  },
  {
    "id": 766,
    "text": "I bought the newest smartphone, and I can't believe how sluggish it is. It's advertised as 'lightning-fast', but it struggles with basic apps. Definitely not worth the money.",
    "expected": "negative",
    "actual": "neutral",
    "confidence": 0.8037550368905068
  },
  {
    "id": 782,
    "text": "The battery life on this phone is atrocious. I can barely get through a day of normal use without needing a charger, which is unacceptable for a device in this price range.",
    "expected": "negative",
    "actual": "neutral",
    "confidence": 0.9845597022771835
  },
  {
    "id": 794,
    "text": "The photo quality from this camera is underwhelming compared to other options in the same price range. The colors always seem washed out.",
    "expected": "negative",
    "actual": "neutral",
    "confidence": 0.8637224584817886
  },
  {
    "id": 803,
    "text": "The e-reader I bought can't hold a charge for more than a few days. The reading experience is decent, but with such poor battery performance, it's not convenient at all.",
    "expected": "negative",
    "actual": "neutral",
    "confidence": 0.7758345526456832
  },
  {
    "id": 809,
    "text": "The online storage service sounded promising, but they have unreasonable upload speeds and constant downtime. I'm looking for alternatives.",
    "expected": "negative",
    "actual": "neutral",
    "confidence": 0.7664328333735465
  },
  {
    "id": 830,
    "text": "This tablet provides a good balance of performance and portability. It serves well for casual browsing and media consumption, but may fall short for demanding tasks.",
    "expected": "neutral",
    "actual": "positive",
    "confidence": 0.8982804417610168
  },
  {
    "id": 845,
    "text": "The tablet's display is vibrant and responsive. It handles most applications smoothly, though it may not be the best choice for heavy multitasking.",
    "expected": "neutral",
    "actual": "positive",
    "confidence": 0.9211094975471497
  },
  {
    "id": 866,
    "text": "The fiber-optic internet service provides fast speeds and reliable connectivity. It may be a suitable choice for users needing stable internet, though availability can vary by location.",
    "expected": "neutral",
    "actual": "positive",
    "confidence": 0.8382391333580017
  },
  {
    "id": 942,
    "text": "This VR headset offers a fun entry into virtual reality gaming, but the resolution and field of view could be improved. It's a good start for enthusiasts without breaking the bank.",
    "expected": "neutral",
    "actual": "positive",
    "confidence": 0.9414949417114258
  },
  {
    "id": 949,
    "text": "The smart speaker delivers clear sound quality and easy-to-use voice commands. Its integration with various smart home devices is beneficial, though it may not satisfy audiophiles.",
    "expected": "neutral",
    "actual": "positive",
    "confidence": 0.8733042478561401
  },
  {
    "id": 965,
    "text": "The performance of the gaming console is commendable with several exclusive titles available. Yet, some may feel the price point is high for the features offered.",
    "expected": "neutral",
    "actual": "positive",
    "confidence": 0.7890493869781494
  },
  {
    "id": 967,
    "text": "The fitness tracker offers various metrics to monitor during workouts. It is user-friendly, but some users might miss advanced features found in higher-end models.",
    "expected": "neutral",
    "actual": "neutral",
    "confidence": 0.7850870490074158
  },
  {
    "id": 970,
    "text": "The virtual reality headset is immersive and has a growing library of games. Some users may find the setup process a bit cumbersome, but it delivers a solid experience overall.",
    "expected": "neutral",
    "actual": "positive",
    "confidence": 0.9227996468544006
  },
  {
    "id": 975,
    "text": "The desktop application is intuitive but could benefit from additional features for power users. It successfully meets the needs of casual users without overwhelming them.",
    "expected": "neutral",
    "actual": "positive",
    "confidence": 0.7746687531471252
  }
]